C2100,C2550,C2800,C2938,C2980,C2990,C4000,C4200,C4220,C4304,C4320,C4321,C4322,C4330,C4331,C4348,C4400,C4521,C4700,C6000,C6500,C6600,C6713,class_data,DATE,GPnum,GPnum_wt_year,Location,P2100,P2550,P2800,P2938,P2980,P2990,P4000,P4200,P4220,P4304,P4320,P4321,P4322,P4330,P4331,P4348,P4400,P4521,P4700,P6000,P6500,P6600,P6713,TCclam,TCcrab,TCsea urchins,TCsquid,TCstarfish,TCunknowninvert,TCwelk,timestamp,TPclam,TPcrab,TPsea urchins,TPsquid,TPstarfish,TPunknowninvert,TPwelk,TRAWLNUM,TWclam,TWcrab,TWsea urchins,TWsquid,TWstarfish,TWunknownivert,TWwelk,W2100,W2550,W2800,W2938,W2980,W2990,W4000,W4200,W4220,W4304,W4320,W4321,W4322,W4330,W4331,W4348,W4400,W4521,W4700,W6000,W6500,W6600,W6713
,,,,,,,,,,,,2,,,,,,,,,1,,,2021-07-17,GP354F,G21_GP354F,,,,,,,,,,,,,,1,,,,,,,,,1,,,3,11,,2,,,2021-07-17 04:33:32,,1,1,,1,,,1,,0.9,0.62,,0.46,,,,,,,,,,,,,,,0.06,,,,,,,,,0.2,
,,,,,,,,,,,,,,,,,,,,,,,,2021-07-17,GP351F,G21_GP351F,,,,,,,,,,,,,,,,,,,,,,,,,,,2,,2,,,2021-07-17 05:51:58,,,1,,1,,,2,,,0.1,,0.08,,,,,,,,,,,,,,,,,,,,,,,,,
,,,,,,,,,,,,,,,,,,,,,,,,2021-07-17,GP353F,G21_GP353F,,,,,,,,,,,,,,,,,,,,,,,,,,10,,1,36,,,2021-07-17 06:57:35,,1,,1,1,,,3,,3.09,,0.08,0.41,,,,,,,,,,,,,,,,,,,,,,,,,
,,,,,,,,,,,,,,,,,,,,,,,,2021-07-17,GP352F,G21_GP352F,,,,,,,,,,,,,,,,,,,,,,,,,,,,5,,,,2021-07-17 08:55:10,,,,1,,,,4,,,,0.52,,,,,,,,,,,,,,,,,,,,,,,,,,
,,,,,,,,,,,,,,,,,,,,,,,,2021-07-17,GP350F,G21_GP350F,,,,,,,,,,,,,,,,,,,,,,,,,,,,2,19,,,2021-07-17 10:10:21,,,,1,1,,,5,,,,0.2,4.56,,,,,,,,,,,,,,,,,,,,,,,,,
,,,,,,,,,,,,,,,,,,,,,1,,,2021-07-17,GP346F,G21_GP346F,,,,,,,,,,,,,,,,,,,,,,,1,,,1,11,,49,,,2021-07-17 11:15:14,,1,1,,1,,,6,,0.05,0.91,,9.23,,,,,,,,,,,,,,,,,,,,,,,,0.24,
,,,,,,,,,,,,,,,,,,,,34,,,,2021-07-17,GP342F,G21_GP342F,,,,,,,,,,,,,,,,,,,,,,1,,,,10,58,1,,,,2021-07-17 12:29:57,,1,1,1,,,,7,,1.86,4.68,0.08,,,,,,,,,,,,,,,,,,,,,,,,0.65,,
8,,,,,,,,,,,,,,,,,,,,,4,,,2021-07-17,GP334F,G21_GP334F,,1,,,,,,,,,,,,,,,,,,,,,1,,,9,1,,2,,,2021-07-17 13:48:09,,1,1,,1,,,8,,1.58,0.07,,0.24,,,0.06,,,,,,,,,,,,,,,,,,,,,1.6,
,2,,,,,,,,,,,,,,,,,,,73,,,,2021-07-17,GP323F,G21_GP323F,,,1,,,,,,,,,,,,,,,,,,,1,,,,20,,,,,13,2021-07-17 15:23:52,,1,,,,,1,9,,2.39,,,,,0.79,,0.82,,,,,,,,,,,,,,,,,,,0.9,,
,,,,,,,,,,,,,,,,,,,,31,,,,2021-07-17,GP325F,G21_GP325F,,,,,,,,,,,,,,,,,,,,,,1,,,,11,3,,3,,1,2021-07-17 16:17:51,,1,1,,1,,1,10,,1.48,0.31,,0.52,,0.05,,,,,,,,,,,,,,,,,,,,,0.6,,
,,,,,,,,,,,,,,,,,,,,,,,,2021-07-17,GP335F,G21_GP335F,,,,,,,,,,,,,,,,,,,,,,,,,,3,119,,21,,1,2021-07-17 17:43:25,,1,1,,1,,1,11,,0.44,9.92,,4.28,,0.01,,,,,,,,,,,,,,,,,,,,,,,
,,,,,,,,,,,,3,,,,,,,,,,,,2021-07-17,GP344F,G21_GP344F,,,,,,,,,,,,,,1,,,,,,,,,,,,2,11,,3,,,2021-07-17 18:39:07,,1,1,,1,,,12,,0.22,0.52,,0.44,,,,,,,,,,,,,,,0.15,,,,,,,,,,
,,,,,,,,,,,,,,,,,,,,,,,,2021-07-17,GP341F,G21_GP341F,,,,,,,,,,,,,,,,,,,,,,,,,,1,,,8,,,2021-07-17 19:55:04,,1,,,1,,,13,,0.22,,,2.24,,,,,,,,,,,,,,,,,,,,,,,,,
,,,,,,,,,,,,,,,,,,,,,,,,2021-07-18,GP331F,G21_GP331F,,,,,,,,,,,,,,,,,,,,,,,,,,3,258,1,40,,1,2021-07-18 05:00:32,,1,1,1,1,,1,1,,0.38,17.95,0.08,8.24,,0.03,,,,,,,,,,,,,,,,,,,,,,,
,,,,,,,,,,,,,,,,,,,,34,,,,2021-07-18,GP326F,G21_GP326F,,,,,,,,,,,,,,,,,,,,,,1,,,,4,61,1,1,,1,2021-07-18 05:47:53,,1,1,1,1,,1,2,,0.88,5.23,0.11,0.06,,0.08,,,,,,,,,,,,,,,,,,,,,0.68,,
,,,,,,,,,,,,,,,,,,,,,,,,2021-07-18,GP315F,G21_GP315F,,,,,,,,,,,,,,,,,,,,,,,,,,,,,,,,2021-07-18 06:36:29,,,,,,,,3,,,,,,,,,,,,,,,,,,,,,,,,,,,,,,
140,,,,,,,,,,,,,,,,,,,,,,,,2021-07-18,GP315A1,G21_GP315A1,,1,,,,,,,,,,,,,,,,,,,,,,,,,5,,2,,,2021-07-18 07:41:01,,,1,,1,,,4,,,0.23,,0.52,,,0.25,,,,,,,,,,,,,,,,,,,,,,
,,,,,,,,,,,,,,,,,,,,,,,,2021-07-18,GP324F,G21_GP324F,,,,,,,,,,,,,,,,,,,,,,,,,,,,,,,,2021-07-18 08:44:38,,,,,,,,5,,,,,,,,,,,,,,,,,,,,,,,,,,,,,,
,,,,,,,,,,,,,,,,,,,,,,,,2021-07-18,GP324Fr,G21_GP324FR,,,,,,,,,,,,,,,,,,,,,,,,,,,,,,,,2021-07-18 09:34:45,,,,,,,,6,,,,,,,,,,,,,,,,,,,,,,,,,,,,,,
,,,,,,,,,,,,2,,,,,,,,,,,,2021-07-18,GP324A1,G21_GP324A1,,,,,,,,,,,,,,1,,,,,,,,,,,,3,132,,118,,,2021-07-18 10:16:09,,1,1,,1,,,7,,0.14,5.42,,23.95,,,,,,,,,,,,,,,0.11,,,,,,,,,,
,,,,,,,,,,,,,,,,,,,,,,,,2021-07-18,GP320F,G21_GP320F,,,,,,,,,,,,,,,,,,,,,,,,,,1,4,,23,,,2021-07-18 11:12:52,,1,1,,1,,,8,,0.41,0.04,,0.66,,,,,,,,,,,,,,,,,,,,,,,,,
,,,,,,,,,,,,,,,,,1,,,,,,,2021-07-18,GP312F,G21_GP312F,,,,,,,,,,,,,,,,,,,1,,,,,,,1,14,2,17,,,2021-07-18 13:43:16,,1,1,1,1,,,9,,0.04,0.12,0.26,0.66,,,,,,,,,,,,,,,,,,,,0.04,,,,,
,,,,,,,,,,,,9,,,,,,,,,,,,2021-07-18,GP313F,G21_GP313F,,,,,,,,,,,,,,1,,,,,,,,,,,,6,193,,161,,,2021-07-18 15:29:55,,1,1,,1,,,10,,0.44,8.08,,38.99,,,,,,,,,,,,,,,0.47,,,,,,,,,,
,,,,,,,,,,,,,,,,,,,,,,,,2021-07-18,GP300F,G21_GP300F,,,,,,,,,,,,,,,,,,,,,,,,,,,,,,,,2021-07-18 16:47:48,,,,,,,,11,,,,,,,,,,,,,,,,,,,,,,,,,,,,,,
,,,,,,,,,,,,,,,,,,,,,,,,2021-07-18,GP300A1,G21_GP300A1,,,,,,,,,,,,,,,,,,,,,,,,,,,,,,,,2021-07-18 18:32:26,,,,,,,,12,,,,,,,,,,,,,,,,,,,,,,,,,,,,,,
314,,,,,,,,,,,,,,,,,,,,,1,,,2021-07-19,GP303F,G21_GP303F,,1,,,,,,,,,,,,,,,,,,,,,1,,,22,26,,1,,,2021-07-19 05:08:59,,1,1,,1,,,1,,3.08,1.3,,0.27,,,0.96,,,,,,,,,,,,,,,,,,,,,0.36,
,,,,,,,,,,,,,,,,,,,,,,,,2021-07-19,GP287F,G21_GP287F,,,,,,,,,,,,,,,,,,,,,,,,,,3,3,,1,,,2021-07-19 05:51:53,,1,1,,1,,,2,,0.28,0.25,,0.11,,,,,,,,,,,,,,,,,,,,,,,,,
,,,,,,,,,,,,1,,,,,,,,,1,,,2021-07-19,GP290F,G21_GP290F,,,,,,,,,,,,,,1,,,,,,,,,1,,,8,44,,12,,,2021-07-19 06:37:00,,1,1,,1,,,3,,1.12,2.12,,3.02,,,,,,,,,,,,,,,0.08,,,,,,,,,0.26,
,,,,,,,,,,,,6,,,,,,,,,,,,2021-07-19,GP295F,G21_GP295F,,,,,,,,,,,,,,1,,,,,,,,,,,,2,43,,8,,,2021-07-19 07:29:14,,1,1,,1,,,4,,0.64,1.33,,1.04,,,,,,,,,,,,,,,0.24,,,,,,,,,,
,,,,,,,,,,,,,,,,,,,,,,,,2021-07-19,GP316F,G21_GP316F,,,,,,,,,,,,,,,,,,,,,,,,,,,,,5,,,2021-07-19 08:14:35,,,,,1,,,5,,,,,0.08,,,,,,,,,,,,,,,,,,,,,,,,,
,,,,,,,,,,,,,,,,,,,,,,,,2021-07-19,GP293F,G21_GP293F,,,,,,,,,,,,,,,,,,,,,,,,,,2,,,32,,,2021-07-19 10:10:11,,1,,,1,,,6,,0.44,,,0.57,,,,,,,,,,,,,,,,,,,,,,,,,
,,,,,,,,,,,,,,,,,,,,,,,,2021-07-19,GP282F,G21_GP282F,,,,,,,,,,,,,,,,,,,,,,,,,,1,65,,,,2,2021-07-19 11:46:59,,1,1,,,,1,7,,0.03,0.66,,,,0.15,,,,,,,,,,,,,,,,,,,,,,,
,,,,,,,,,,,,1,,,,,,,,,,,,2021-07-19,GP273F,G21_GP273F,,,,,,,,,,,,,,1,,,,,,,,,,,,1,26,,134,,,2021-07-19 13:52:51,,1,1,,1,,,8,,0.02,1.48,,27.18,,,,,,,,,,,,,,,0.02,,,,,,,,,,
,,,,,,,,,,,,,,,,,,,,,,,,2021-07-19,GP260F,G21_GP260F,,,,,,,,,,,,,,,,,,,,,,,,,,,,,1,,,2021-07-19 15:20:44,,,,,1,,,9,,,,,0.03,,,,,,,,,,,,,,,,,,,,,,,,,
,,,,,,,,,,,,,,,,,,,,,,,,2021-07-19,GP269F,G21_GP269F,,,,,,,,,,,,,,,,,,,,,,,,,,5,,,2,,,2021-07-19 17:53:04,,1,,,1,,,10,,1.1,,,0.41,,,,,,,,,,,,,,,,,,,,,,,,,
,,,,,,,,,,,,,,,,,,,,,,,,2021-07-19,GP251F,G21_GP251F,,,,,,,,,,,,,,,,,,,,,,,,,,,,1,3,,,2021-07-19 19:13:21,,,,1,1,,,11,,,,0.04,0.9,,,,,,,,,,,,,,,,,,,,,,,,,
,,,,,,,,,,,,,,,,,2,,,,,,,2021-07-20,GP250F,G21_GP250F,,,,,,,,,,,,,,,,,,,1,,,,,,,,1274,,931,,,2021-07-20 05:34:21,,,1,,1,,,1,,,23.95,,12.64,,,,,,,,,,,,,,,,,,,,0.09,,,,,
,,,,,,,,,,,,,,,,,,,,,,,,2021-07-20,GP235F,G21_GP235F,,,,,,,,,,,,,,,,,,,,,,,,,,8,,,10,,,2021-07-20 06:43:28,,1,,,1,,,2,,0.98,,,1.78,,,,,,,,,,,,,,,,,,,,,,,,,
,,,,,,,,,,,,,,,,,,,,,,,,2021-07-20,GP237F,G21_GP237F,,,,,,,,,,,,,,,,,,,,,,,,,,,,,,,,2021-07-20 09:05:01,,,,,,,,3,,,,,,,,,,,,,,,,,,,,,,,,,,,,,,
,,,,,,,,,,,,,,,,,,,,,,,,2021-07-20,GP237A1,G21_GP237A1,,,,,,,,,,,,,,,,,,,,,,,,,,,,,,,,2021-07-20 10:09:29,,,,,,,,4,,,,,,,,,,,,,,,,,,,,,,,,,,,,,,
,,,,,,,,,,,,,,,,,,,,,,,,2021-07-20,GP237A2,G21_GP237A2,,,,,,,,,,,,,,,,,,,,,,,,,,,,,,,,2021-07-20 11:48:32,,,,,,,,5,,,,,,,,,,,,,,,,,,,,,,,,,,,,,,
,,,,,,,,,,,,,,,,,,,,,,,,2021-07-20,GP237A3,G21_GP237A3,,,,,,,,,,,,,,,,,,,,,,,,,,,,,9,,,2021-07-20 13:41:57,,,,,1,,,6,,,,,1.25,,,,,,,,,,,,,,,,,,,,,,,,,
,,,,,,,,,,,,,,,,,,,,,,,,2021-07-20,GP207F,G21_GP207F,,,,,,,,,,,,,,,,,,,,,,,,,,,,,,,,2021-07-20 15:16:25,,,,,,,,7,,,,,,,,,,,,,,,,,,,,,,,,,,,,,,
,,,,,,,,,,,,,,,,,,,,,,,,2021-07-20,GP207A1,G21_GP207A1,,,,,,,,,,,,,,,,,,,,,,,,,,9,26,,4,,,2021-07-20 16:23:37,,1,1,,1,,,8,,0.47,0.93,,0.95,,,,,,,,,,,,,,,,,,,,,,,,,
,,,,,,,,,,,,,,,,,,,,,,,,2021-07-20,GP208F,G21_GP208F,,,,,,,,,,,,,,,,,,,,,,,,,,1,,,15,,1,2021-07-20 17:32:45,,1,,,1,,1,9,,0.58,,,1.91,,0.04,,,,,,,,,,,,,,,,,,,,,,,
,,,,,,,,,,,,,,,,,,,,,,,,2021-07-21,GP156F,G21_GP156F,,,,,,,,,,,,,,,,,,,,,,,,,,4,,,,,,2021-07-21 05:21:28,,1,,,,,,1,,2.14,,,,,,,,,,,,,,,,,,,,,,,,,,,,
,,,,,,,,,,,,,,,,,1,,,,,,,2021-07-21,GP134F,G21_GP134F,,,,,,,,,,,,,,,,,,,1,,,,,,,18,,,59,,,2021-07-21 06:49:43,,1,,,1,,,2,,2.22,,,0.44,,,,,,,,,,,,,,,,,,,,0.06,,,,,
18,,,,,,,,,,,,,,,,,,,,,,,,2021-07-21,GP139F,G21_GP139F,,1,,,,,,,,,,,,,,,,,,,,,,,,3,,,2,,,2021-07-21 09:36:14,,1,,,1,,,3,,0.48,,,6.33,,,0.1,,,,,,,,,,,,,,,,,,,,,,
,,,,,,,,,,,,,,,,,,,,,,,,2021-07-21,GP121F,G21_GP121F,,,,,,,,,,,,,,,,,,,,,,,,,,1,,,32,,1,2021-07-21 10:56:50,,1,,,1,,1,4,,0.09,,,0.21,,0.04,,,,,,,,,,,,,,,,,,,,,,,
,,,,,,,,,,,,,,,,,,,,,,,,2021-07-21,GP142F,G21_GP142F,,,,,,,,,,,,,,,,,,,,,,,,,,6,,1,3,,,2021-07-21 12:57:36,,1,,1,1,,,5,,3.22,,0.02,0.61,,,,,,,,,,,,,,,,,,,,,,,,,
14,,,,,,,,,,,,,,,,,,,,,,,,2021-07-21,GP122F,G21_GP122F,,1,,,,,,,,,,,,,,,,,,,,,,,,1,,,2,,,2021-07-21 15:30:23,,1,,,1,,,6,,0.14,,,0.95,,,0.14,,,,,,,,,,,,,,,,,,,,,,
,,,,,,,,,,,,,,,,,,,,,,,,2021-07-21,GP109F,G21_GP109F,,,,,,,,,,,,,,,,,,,,,,,,,,,,1,1,,,2021-07-21 17:09:12,,,,1,1,,,7,,,,0.09,0.47,,,,,,,,,,,,,,,,,,,,,,,,,
5,,,,,,,,,,,,,,,,,,,,,,,,2021-07-21,GP120F,G21_GP120F,,1,,,,,,,,,,,,,,,,,,,,,,,,,,,,,1,2021-07-21 18:52:38,,,,,,,1,8,,,,,,,0.04,0.05,,,,,,,,,,,,,,,,,,,,,,
,,,,,,,,,,,,,,,,,,,,,,,,2021-07-22,GP098F,G21_GP098F,,,,,,,,,,,,,,,,,,,,,,,,,,3,,,,,,2021-07-22 06:24:47,,1,,,,,,1,,0.79,,,,,,,,,,,,,,,,,,,,,,,,,,,,
5,,,,,,,,,,,,,,,,,,,,,,,,2021-07-22,GP081F,G21_GP081F,,1,,,,,,,,,,,,,,,,,,,,,,,,,,1,,,,2021-07-22 06:56:42,,,,1,,,,2,,,,0.03,,,,0.05,,,,,,,,,,,,,,,,,,,,,,
,,,,,,,,,,,,,,,,,,,,,,,,2021-07-22,GP085F,G21_GP085F,,,,,,,,,,,,,,,,,,,,,,,,,,1,,,55,,,2021-07-22 08:37:59,,1,,,1,,,3,,0.28,,,1.08,,,,,,,,,,,,,,,,,,,,,,,,,
,,,,,,,,,,,,,,,,,,,,,,,,2021-07-22,GP072F,G21_GP072F,,,,,,,,,,,,,,,,,,,,,,,,,,,,,116,,1,2021-07-22 10:32:53,,,,,1,,1,4,,,,,0.71,,0.03,,,,,,,,,,,,,,,,,,,,,,,
,,,,,,,,,,,,,,,,,,,,,,,,2021-07-22,GP078F,G21_GP078F,,,,,,,,,,,,,,,,,,,,,,,,,,,,,3,,,2021-07-22 11:43:46,,,,,1,,,5,,,,,3.11,,,,,,,,,,,,,,,,,,,,,,,,,
,,,,,,,,,,,,,,,,,,,,,1,,,2021-07-22,GP107F,G21_GP107F,,,,,,,,,,,,,,,,,,,,,,,1,,,1,,,3,,,2021-07-22 13:55:42,,1,,,1,,,6,,0.01,,,2.74,,,,,,,,,,,,,,,,,,,,,,,,0.01,
,,,,,,,,,,,,,,,,,,,,,,,,2021-07-22,GP083F,G21_GP083F,,,,,,,,,,,,,,,,,,,,,,,,,,,,,,,,2021-07-22 14:58:01,,,,,,,,7,,,,,,,,,,,,,,,,,,,,,,,,,,,,,,
,,,,,,,,,,,,,,,,,,,,,,,,2021-07-22,GP083A1,G21_GP083A1,,,,,,,,,,,,,,,,,,,,,,,,,,,,,1,,1,2021-07-22 15:52:00,,,,,1,,1,8,,,,,2.14,,0.01,,,,,,,,,,,,,,,,,,,,,,,
,,,,,,,,,,,,,,,,,,,,,,,,2021-07-22,GP096F,G21_GP096F,,,,,,,,,,,,,,,,,,,,,,,,,,,,,26,,5,2021-07-22 18:15:04,,,,,1,,1,9,,,,,1.26,,0.12,,,,,,,,,,,,,,,,,,,,,,,
,,,,,,,,,,,,,,,,,,,,,,,,2021-07-22,GP112F,G21_GP112F,,,,,,,,,,,,,,,,,,,,,,,,,,5,3,,22,,13,2021-07-22 19:37:52,,1,1,,1,,1,10,,0.08,0.31,,0.39,,0.19,,,,,,,,,,,,,,,,,,,,,,,
,,,,,,,,,,,,1,,,,,,,,,,,,2021-07-23,GP115F,G21_GP115F,,,,,,,,,,,,,,1,,,,,,,,,,,,,5,,4,,,2021-07-23 04:49:45,,,1,,1,,,1,,,0.12,,1.15,,,,,,,,,,,,,,,0.01,,,,,,,,,,
,,,,,,,,,,,,,,,,,,,,,,,,2021-07-23,GP103F,G21_GP103F,,,,,,,,,,,,,,,,,,,,,,,,,,5,119,,16,,12,2021-07-23 06:02:04,,1,1,,1,,1,2,,0.19,3.81,,3.55,,0.22,,,,,,,,,,,,,,,,,,,,,,,
,,,,,,,,,,,,,,,,,,,,,,,,2021-07-23,GP130F,G21_GP130F,,,,,,,,,,,,,,,,,,,,,,,,,,,,,,,,2021-07-23 07:27:57,,,,,,,,3,,,,,,,,,,,,,,,,,,,,,,,,,,,,,,
,,,,,,,,,,,,,,,,,,,,,,,,2021-07-23,GP130A1,G21_GP130A1,,,,,,,,,,,,,,,,,,,,,,,,,,9,133,,12,,,2021-07-23 08:18:36,,1,1,,1,,,4,,0.43,3.82,,3.69,,,,,,,,,,,,,,,,,,,,,,,,,
,,,,,,,,,,,,,,,,,,,,,,,,2021-07-23,GP152F,G21_GP152F,,,,,,,,,,,,,,,,,,,,,,,,,,1,198,,48,,6,2021-07-23 09:55:27,,1,1,,1,,1,5,,0.13,9.69,,12.02,,0.12,,,,,,,,,,,,,,,,,,,,,,,
,,,,,,,,,,,,,,,,,,,,,,,,2021-07-23,GP138F,G21_GP138F,,,,,,,,,,,,,,,,,,,,,,,,,,18,,,28,,,2021-07-23 12:08:34,,1,,,1,,,6,,0.67,,,1.54,,,,,,,,,,,,,,,,,,,,,,,,,
,,,,,,,,,,,,,,,,,,,,,,,,2021-07-23,GP165F,G21_GP165F,,,,,,,,,,,,,,,,,,,,,,,,,,,,,,,,2021-07-23 13:17:11,,,,,,,,7,,,,,,,,,,,,,,,,,,,,,,,,,,,,,,
,,,,,,,,,,,,,,,,,,,,,,,,2021-07-23,GP165A1,G21_GP165A1,,,,,,,,,,,,,,,,,,,,,,,,,,,26,,,,1,2021-07-23 14:18:30,,,1,,,,1,8,,,0.79,,,,0.06,,,,,,,,,,,,,,,,,,,,,,,
,,,,,,,,,,,,,,,,,,,,,,,,2021-07-23,GP166F,G21_GP166F,,,,,,,,,,,,,,,,,,,,,,,,,,1,,,56,,,2021-07-23 15:20:48,,1,,,1,,,9,,0.28,,,0.46,,,,,,,,,,,,,,,,,,,,,,,,,
9,,,,,,,,,,,,,,,,,,,,,,,,2021-07-23,GP187F,G21_GP187F,,1,,,,,,,,,,,,,,,,,,,,,,,,1,,,,,,2021-07-23 16:50:17,,1,,,,,,10,,0.26,,,,,,0.08,,,,,,,,,,,,,,,,,,,,,,
,,,,,,,,,,,,1,,,,,,,,,,,,2021-07-23,GP203F,G21_GP203F,,,,,,,,,,,,,,1,,,,,,,,,,,,1,,1,5,,,2021-07-23 19:20:01,,1,,1,1,,,11,,0.02,,0.05,1.08,,,,,,,,,,,,,,,0.04,,,,,,,,,,
,,,,,,,,,,,,,,,,,,,,,,,,2021-07-24,GP181F,G21_GP181F,,,,,,,,,,,,,,,,,,,,,,,,,,4,18,,9,,,2021-07-24 05:15:04,,1,1,,1,,,1,,0.07,0.61,,1.81,,,,,,,,,,,,,,,,,,,,,,,,,
,,,,,,,,,,,,,,,,,,,,,,,,2021-07-24,GP180F,G21_GP180F,,,,,,,,,,,,,,,,,,,,,,,,,,1,114,,46,,3,2021-07-24 06:03:43,,1,1,,1,,1,2,,0.03,4.56,,11.11,,0.05,,,,,,,,,,,,,,,,,,,,,,,
22,,,,,,,,,,,,1,,,,,,,,,,,,2021-07-24,GP153F,G21_GP153F,,1,,,,,,,,,,,,1,,,,,,,,,,,,3,64,,12,,,2021-07-24 07:12:55,,1,1,,1,,,3,,0.03,2.11,,3.12,,,0.09,,,,,,,,,,,,0.06,,,,,,,,,,
,,,,,,,,,,,,,,,,,,,,,,,,2021-07-24,GP169F,G21_GP169F,,,,,,,,,,,,,,,,,,,,,,,,,,2,149,,17,,2,2021-07-24 08:53:25,,1,1,,1,,1,4,,0.06,5.67,,4.98,,0.03,,,,,,,,,,,,,,,,,,,,,,,
,,,,,,,,,,,,,,,,,,,,,,,,2021-07-24,GP185F,G21_GP185F,,,,,,,,,,,,,,,,,,,,,,,,,,,8,,,,5,2021-07-24 09:42:46,,,1,,,,1,5,,,0.28,,,,0.09,,,,,,,,,,,,,,,,,,,,,,,
6,,,,,,,,,,,,,,,,,,,,,,,,2021-07-24,GP201F,G21_GP201F,,1,,,,,,,,,,,,,,,,,,,,,,,,2,66,1,21,,1,2021-07-24 10:57:15,,1,1,1,1,,1,6,,0.06,2.19,0.17,5.34,,0.01,0.02,,,,,,,,,,,,,,,,,,,,,,
,,,,,,,,,,,,,,,,,,,,2,,,,2021-07-24,GP227F,G21_GP227F,,,,,,,,,,,,,,,,,,,,,,1,,,,,31,,30,,,2021-07-24 11:48:46,,,1,,1,,,7,,,1.03,,6.86,,,,,,,,,,,,,,,,,,,,,,,0.02,,
,,,,,,,,,,,,,,,,,,,,,,,,2021-07-24,GP230F,G21_GP230F,,,,,,,,,,,,,,,,,,,,,,,,,,1,117,,166,,,2021-07-24 13:55:42,,1,1,,1,,,8,,0.08,4.81,,36.75,,,,,,,,,,,,,,,,,,,,,,,,,
,,,,,,,,,,,,,,,,,,,,,,,,2021-07-24,GP249F,G21_GP249F,,,,,,,,,,,,,,,,,,,,,,,,,,,,,,,,2021-07-24 14:50:19,,,,,,,,9,,,,,,,,,,,,,,,,,,,,,,,,,,,,,,
,,,,,,,,,,,,,,,,,,,,,,,,2021-07-24,GP249A1,G21_GP249A1,,,,,,,,,,,,,,,,,,,,,,,,,,,,,,,,2021-07-24 15:38:41,,,,,,,,10,,,,,,,,,,,,,,,,,,,,,,,,,,,,,,
,,,,,,,,,,,,5,,,,,,,,,,,,2021-07-24,GP249A2,G21_GP249A2,,,,,,,,,,,,,,1,,,,,,,,,,,,3,17,,2,,,2021-07-24 16:45:03,,1,1,,1,,,11,,0.35,0.33,,0.36,,,,,,,,,,,,,,,0.22,,,,,,,,,,
149,,,,,,,,,,,,,,,,,,,,,,,,2021-07-24,GP243F,G21_GP243F,,1,,,,,,,,,,,,,,,,,,,,,,,,10,15,,1,,,2021-07-24 18:00:43,,1,1,,1,,,12,,0.56,0.67,,0.16,,,0.42,,,,,,,,,,,,,,,,,,,,,,
,,,,,,,,,,,,,,,,,,,,,,,,2021-07-24,GP261F,G21_GP261F,,,,,,,,,,,,,,,,,,,,,,,,,,2,226,,3,,,2021-07-24 19:00:10,,1,1,,1,,,13,,0.02,6.14,,0.44,,,,,,,,,,,,,,,,,,,,,,,,,
,,,,,,,,,,,,,,,,,,,,,,,,2021-07-24,GP257F,G21_GP257F,,,,,,,,,,,,,,,,,,,,,,,,,,,44,,,,,2021-07-24 20:05:49,,,1,,,,,14,,,3.54,,,,,,,,,,,,,,,,,,,,,,,,,,,
14,,,,,,,,,,,,,,,,,,,,12,,,,2021-07-25,GP211F,G21_GP211F,,1,,,,,,,,,,,,,,,,,,,,1,,,,,263,,9,,2,2021-07-25 05:33:11,,,1,,1,,1,1,,,8.36,,1.72,,0.06,0.1,,,,,,,,,,,,,,,,,,,,0.17,,
,,,,,,,,,,,,,,,,,,,,32,,,,2021-07-25,GP199F,G21_GP199F,,,,,,,,,,,,,,,,,,,,,,1,,,,8,8,,12,,3,2021-07-25 06:11:24,,1,1,,1,,1,2,,0.16,0.6,,2.3,,0.16,,,,,,,,,,,,,,,,,,,,,0.55,,
,,,,,,,,,,,,,,,,,,,,,3,,,2021-07-25,GP219F,G21_GP219F,,,,,,,,,,,,,,,,,,,,,,,1,,,33,99,,18,,,2021-07-25 07:33:44,,1,1,,1,,,3,,4.53,3.98,,3.53,,,,,,,,,,,,,,,,,,,,,,,,1.56,
,,,,,,,,,,,,,,,,,,,,,,,,2021-07-25,GP212F,G21_GP212F,,,,,,,,,,,,,,,,,,,,,,,,,,,,,,,,2021-07-25 08:57:54,,,,,,,,4,,,,,,,,,,,,,,,,,,,,,,,,,,,,,,
54,,,,,,,,,,,,,,,,,,,,,,,,2021-08-02,GP268F,G21_GP268F,,1,,,,,,,,,,,,,,,,,,,,,,,,15,20,,36,,,2021-08-02 04:20:37,,1,1,,1,,,1,,0.99,1.8,,5.6,,,0.25,,,,,,,,,,,,,,,,,,,,,,
,,,,,,,,,,,,,,,,,,,,,9,,,2021-08-02,GP259F,G21_GP259F,,,,,,,,,,,,,,,,,,,,,,,1,,,7,24,,6,,,2021-08-02 06:17:07,,1,1,,1,,,2,,0.72,1.47,,0.9,,,,,,,,,,,,,,,,,,,,,,,,3.24,
,,,,,,,,,,,,,,,,,,,,15,,,,2021-08-02,GP263F,G21_GP263F,,,,,,,,,,,,,,,,,,,,,,1,,,2,7,8,,15,,,2021-08-02 07:30:24,1,1,1,,1,,,3,0.15,0.53,0.57,,1.29,,,,,,,,,,,,,,,,,,,,,,,0.41,,
,,,,,,,,,,,,,,,,,,,,,,,,2021-08-02,GP245F,G21_GP245F,,,,,,,,,,,,,,,,,,,,,,,,,,19,36,,6,,,2021-08-02 08:40:11,,1,1,,1,,,4,,0.85,1.51,,0.79,,,,,,,,,,,,,,,,,,,,,,,,,
,,,,,,,,,,,,,,,,,,,,71,,,,2021-08-02,GP248F,G21_GP248F,,,,,,,,,,,,,,,,,,,,,,1,,,1,,10,,9,,2,2021-08-02 09:43:55,1,,1,,1,,1,5,0.07,,0.7,,1.89,,0.06,,,,,,,,,,,,,,,,,,,,,1.93,,
13,,,,,,,,,,,,,,,,,,,,,12,,,2021-08-02,GP265F,G21_GP265F,,1,,,,,,,,,,,,,,,,,,,,,1,,,24,66,,18,,1,2021-08-02 10:49:18,,1,1,,1,,1,6,,2.24,2.41,,3.64,,0.04,0.21,,,,,,,,,,,,,,,,,,,,,3.71,
,,,,,,,,,,,,,,,,,,,,,1,,,2021-08-02,GP240F,G21_GP240F,,,,,,,,,,,,,,,,,,,,,,,1,,,21,32,,11,,,2021-08-02 12:16:08,,1,1,,1,,,7,,3.09,1.42,,1.51,,,,,,,,,,,,,,,,,,,,,,,,0.61,
,,,,,,,,,,,,,,,,,,,,,3,,,2021-08-02,GP226F,G21_GP226F,,,,,,,,,,,,,,,,,,,,,,,1,,,22,71,,14,,,2021-08-02 13:29:44,,1,1,,1,,,8,,2.59,3.55,,4.79,,,,,,,,,,,,,,,,,,,,,,,,1.51,
,,,,,,,,,5,,,,,,,,,,,8,,,,2021-08-02,GP233F,G21_GP233F,,,,,,,,,,,1,,,,,,,,,,,1,,,,7,41,,15,,10,2021-08-02 14:55:57,,1,1,,1,,1,9,,0.24,2.09,,3.65,,0.44,,,,,,,,,,0.49,,,,,,,,,,,0.16,,
,,,,,,,,,4,,,,,,,,,,,11,,,,2021-08-02,GP220F,G21_GP220F,,,,,,,,,,,1,,,,,,,,,,,1,,,,4,66,,37,,3,2021-08-02 16:14:29,,1,1,,1,,1,10,,0.41,3.23,,6.84,,0.07,,,,,,,,,,0.37,,,,,,,,,,,0.23,,
,,,,,,,,,,,,2,,,,,,,,,10,,,2021-08-02,GP234F,G21_GP234F,,,,,,,,,,,,,,1,,,,,,,,,1,,,3,19,,3,,,2021-08-02 17:28:55,,1,1,,1,,,11,,0.7,0.49,,0.45,,,,,,,,,,,,,,,0.04,,,,,,,,,3.68,
,,,,,,,,,,,,,,,,,,,,,,,,2021-08-02,GP214F,G21_GP214F,,,,,,,,,,,,,,,,,,,,,,,,,,,,,,,,2021-08-02 19:03:06,,,,,,,,12,,,,,,,,,,,,,,,,,,,,,,,,,,,,,,
,,,,,,,,,,,,,,,,,,,,,,,,2021-08-03,GP214A1,G21_GP214A1,,,,,,,,,,,,,,,,,,,,,,,,,,,,,,,,2021-08-03 05:26:02,,,,,,,,1,,,,,,,,,,,,,,,,,,,,,,,,,,,,,,
,,,,,,,,,,,,,,,,,,,,,3,,,2021-08-03,GP214A2,G21_GP214A2,,,,,,,,,,,,,,,,,,,,,,,1,,,1,36,,9,,,2021-08-03 06:54:53,,1,1,,1,,,2,,0.2,1.45,,0.44,,,,,,,,,,,,,,,,,,,,,,,,1.78,
,,,,,,,,,,,,,,,,,,,,,15,,,2021-08-03,GP192F,G21_GP192F,,,,,,,,,,,,,,,,,,,,,,,1,,,13,204,,48,,1,2021-08-03 07:15:57,,1,1,,1,,1,3,,1.61,6.46,,12.94,,0.02,,,,,,,,,,,,,,,,,,,,,,5.45,
2,,,,,,,,,,,,1,,,,,,,,,2,,,2021-08-03,GP189F,G21_GP189F,,1,,,,,,,,,,,,1,,,,,,,,,1,,,8,86,,7,,,2021-08-03 08:42:02,,1,1,,1,,,4,,1.38,1.92,,2.21,,,0.06,,,,,,,,,,,,0.06,,,,,,,,,0.56,
,,,,,,,,,,,,,,,,,,,,,,,,2021-08-03,GP197F,G21_GP197F,,,,,,,,,,,,,,,,,,,,,,,,,,,,,,,,2021-08-03 09:44:04,,,,,,,,5,,,,,,,,,,,,,,,,,,,,,,,,,,,,,,
,,,,,,,,,,,,,,,,,,,,,,,,2021-08-03,GP197A1,G21_GP197A1,,,,,,,,,,,,,,,,,,,,,,,,,,,,,,,,2021-08-03 10:27:05,,,,,,,,6,,,,,,,,,,,,,,,,,,,,,,,,,,,,,,
,,,,,,,,,,,,,,,,,,,,,,,,2021-08-03,GP197A2,G21_GP197A2,,,,,,,,,,,,,,,,,,,,,,,,,1,17,74,,64,,,2021-08-03 11:32:32,1,1,1,,1,,,7,0.03,3.12,3.54,,14.05,,,,,,,,,,,,,,,,,,,,,,,,,
,,,,,,,,,,,,,,,,,,,,,,,,2021-08-03,GP202F,G21_GP202F,,,,,,,,,,,,,,,,,,,,,,,,,,,,,,,,2021-08-03 13:18:40,,,,,,,,8,,,,,,,,,,,,,,,,,,,,,,,,,,,,,,
,,,,,,,,,,,,,,,,,,,,,,,,2021-08-03,GP202A1,G21_GP202A1,,,,,,,,,,,,,,,,,,,,,,,,,,8,26,,7,,,2021-08-03 14:18:09,,1,1,,1,,,9,,0.84,1.44,,1.04,,,,,,,,,,,,,,,,,,,,,,,,,
,,,,,,,,,,,,,,,,,,,,5,,,,2021-08-03,GP206F,G21_GP206F,,,,,,,,,,,,,,,,,,,,,,1,,,,3,,,10,,1,2021-08-03 15:12:18,,1,,,1,,1,10,,0.06,,,2.24,,0.03,,,,,,,,,,,,,,,,,,,,,0.12,,
,,,,,,,,,,,,,,,,,,,,5,2,,,2021-08-03,GP198F,G21_GP198F,,,,,,,,,,,,,,,,,,,,,,1,1,,1,5,6,,,,,2021-08-03 16:22:42,1,1,1,,,,,11,0.06,0.15,0.32,,,,,,,,,,,,,,,,,,,,,,,,,0.12,0.57,
,,,,,,,,,,,,1,,,,,,,,,,,,2021-08-03,GP191F,G21_GP191F,,,,,,,,,,,,,,1,,,,,,,,,,,,4,8,,3,,,2021-08-03 17:43:29,,1,1,,1,,,12,,0.17,0.66,,0.55,,,,,,,,,,,,,,,0.06,,,,,,,,,,
,,,,,,,,,1,,,,,,,,,,,,,,,2021-08-03,GP179F,G21_GP179F,,,,,,,,,,,1,,,,,,,,,,,,,,,1,,1,2,,1,2021-08-03 19:10:45,,1,,1,1,,1,13,,0.28,,0.06,0.1,,0.04,,,,,,,,,,0.06,,,,,,,,,,,,,
,,,,,,,,,1,,,,,,,,,,,25,,,,2021-08-04,GP176F,G21_GP176F,,,,,,,,,,,1,,,,,,,,,,,1,,,,2,1,,4,,2,2021-08-04 05:30:40,,1,1,,1,,1,1,,0.02,0.1,,1.07,,0.12,,,,,,,,,,0.12,,,,,,,,,,,0.5,,
,,,,,,,,,,,,,,,,,,,,55,,,,2021-08-04,GP158F,G21_GP158F,,,,,,,,,,,,,,,,,,,,,,1,,,1,,,,,,2,2021-08-04 06:29:53,1,,,,,,1,2,0.07,,,,,,0.15,,,,,,,,,,,,,,,,,,,,,0.96,,
,,,,,,,,,,,,,,,,,,,,223,,,,2021-08-04,GP149F,G21_GP149F,,,,,,,,,,,,,,,,,,,,,,1,,,,4,,,,,,2021-08-04 08:01:59,,1,,,,,,3,,0.08,,,,,,,,,,,,,,,,,,,,,,,,,,4.7,,
,,,,,,,,,,,,,,,,,,,,161,,,,2021-08-04,GP127F,G21_GP127F,,,,,,,,,,,,,,,,,,,,,,1,,,,5,2,,10,,11,2021-08-04 09:01:26,,1,1,,1,,1,4,,0.1,0.17,,2.51,,0.4,,,,,,,,,,,,,,,,,,,,,2.78,,
,,,,,,,,,1,,,,,,,,,,,38,,,,2021-08-04,GP123F,G21_GP123F,,,,,,,,,,,1,,,,,,,,,,,1,,,,6,,,4,,,2021-08-04 10:28:19,,1,,,1,,,5,,0.63,,,0.36,,,,,,,,,,,,0.13,,,,,,,,,,,0.91,,
,,,,,,,,,,,,,,,,,,,,237,,,,2021-08-04,GP147F,G21_GP147F,,,,,,,,,,,,,,,,,,,,,,1,,,,5,,,11,,1,2021-08-04 11:44:09,,1,,,1,,1,6,,0.32,,,1.42,,0.04,,,,,,,,,,,,,,,,,,,,,5.04,,
21,,,,,,,,,2,,,,,,,,,,,22,,,,2021-08-04,GP159F,G21_GP159F,,1,,,,,,,,,1,,,,,,,,,,,1,,,,5,240,,30,,7,2021-08-04 12:44:10,,1,1,,1,,1,7,,0.11,13.74,,4.12,,0.18,0.1,,,,,,,,,0.2,,,,,,,,,,,0.44,,
,,,,,,,,,,,,,,,,,,,,,1,,,2021-08-04,GP184F,G21_GP184F,,,,,,,,,,,,,,,,,,,,,,,1,,,11,187,1,28,,1,2021-08-04 14:07:35,,1,1,1,1,,1,8,,0.72,5.98,0.15,4.06,,0.02,,,,,,,,,,,,,,,,,,,,,,0.07,
,,,,,,,,,,,,,,,,,,,,,6,,,2021-08-04,GP174F,G21_GP174F,,,,,,,,,,,,,,,,,,,,,,,1,,,,22,,52,,,2021-08-04 14:59:21,,,1,,1,,,9,,,0.86,,8.75,,,,,,,,,,,,,,,,,,,,,,,,1.8,
,,,,,,,,,,,,,,,,,,,,,1,,,2021-08-04,GP170F,G21_GP170F,,,,,,,,,,,,,,,,,,,,,,,1,,,8,242,,81,,,2021-08-04 16:43:00,,1,1,,1,,,10,,0.89,8.8,,11.08,,,,,,,,,,,,,,,,,,,,,,,,0.28,
,,,,,,,,,,,,,,,,,,,,,,,,2021-08-04,GP162F,G21_GP162F,,,,,,,,,,,,,,,,,,,,,,,,,1,8,17,,41,,1,2021-08-04 17:40:39,1,1,1,,1,,1,11,0.04,1.75,0.84,,6.3,,0.07,,,,,,,,,,,,,,,,,,,,,,,
,,,,,,,,,,,,,,,,,,,,,,,,2021-08-04,GP154F,G21_GP154F,,,,,,,,,,,,,,,,,,,,,,,,,,,,,,,,2021-08-04 18:42:06,,,,,,,,12,,,,,,,,,,,,,,,,,,,,,,,,,,,,,,
,,,,,,,,,,,,,,,,,,,,,,,,2021-08-05,GP154A1,G21_GP154A1,,,,,,,,,,,,,,,,,,,,,,,,,,,,,,,,2021-08-05 05:05:06,,,,,,,,1,,,,,,,,,,,,,,,,,,,,,,,,,,,,,,
,,,,,,,,,,,,,,,,,,,,,,,,2021-08-05,GP154A2,G21_GP154A2,,,,,,,,,,,,,,,,,,,,,,,,,,8,71,,9,,1,2021-08-05 06:01:38,,1,1,,1,,1,2,,1.25,2.62,,0.8,,0.03,,,,,,,,,,,,,,,,,,,,,,,
14,,,,,,,,,,,,,,,,,,,,14,,,,2021-08-05,GP133F,G21_GP133F,,1,,,,,,,,,,,,,,,,,,,,1,,,2,1,,,7,,,2021-08-05 07:32:05,1,1,,,1,,,3,0.18,0.2,,,0.63,,,0.04,,,,,,,,,,,,,,,,,,,,0.23,,
,,,,,,,,,1,,,,,,,,,,,15,,,,2021-08-05,GP141F,G21_GP141F,,,,,,,,,,,1,,,,,,,,,,,1,,,,7,6,1,26,,2,2021-08-05 08:54:12,,1,1,1,1,,1,4,,0.45,0.32,0.12,2.8,,0.07,,,,,,,,,,0.09,,,,,,,,,,,0.28,,
,,,,,,,,,,,,,,,,,,,,,,,,2021-08-05,GP128F,G21_GP128F,,,,,,,,,,,,,,,,,,,,,,,,,,,,,,,,2021-08-05 09:39:18,,,,,,,,5,,,,,,,,,,,,,,,,,,,,,,,,,,,,,,
,,,,,,,,,,,,,,,,,,,,12,,,,2021-08-05,GP128A1,G21_GP128A1,,,,,,,,,,,,,,,,,,,,,,1,,,,2,27,,61,,3,2021-08-05 10:37:47,,1,1,,1,,1,6,,0.31,1.48,,5.26,,0.1,,,,,,,,,,,,,,,,,,,,,0.73,,
,,,,,,,,,,,,,,,,,,,,28,,,,2021-08-06,GP099F,G21_GP099F,,,,,,,,,,,,,,,,,,,,,,1,,,2,5,6,,30,,8,2021-08-06 05:17:50,1,1,1,,1,,1,1,0.14,1.01,0.37,,3.02,,0.2,,,,,,,,,,,,,,,,,,,,,0.63,,
,,,,,,,,,,,,,,,,,,,,,1,,,2021-08-06,GP094F,G21_GP094F,,,,,,,,,,,,,,,,,,,,,,,1,,,,1,,4,,1,2021-08-06 06:30:23,,,1,,1,,1,2,,,0.02,,0.6,,0.05,,,,,,,,,,,,,,,,,,,,,,0.52,
,,,,,,,,,,,,3,,,,,,,,,,,,2021-08-06,GP077F,G21_GP077F,,,,,,,,,,,,,,1,,,,,,,,,,,,2,407,1,15,,3,2021-08-06 07:45:25,,1,1,1,1,,1,3,,0.94,10.51,0.16,1.07,,0.2,,,,,,,,,,,,,0.32,,,,,,,,,,
,,,,,,,,,,,,1,,,,,,,,4,,,,2021-08-06,GP084F,G21_GP084F,,,,,,,,,,,,,,1,,,,,,,,1,,,,6,26,,16,,1,2021-08-06 09:19:06,,1,1,,1,,1,4,,1.23,1.45,,2.67,,0.02,,,,,,,,,,,,,0.06,,,,,,,,0.11,,
,,,,,,,,,,,,,,,,,,,,,,,,2021-08-06,GP113F,G21_GP113F,,,,,,,,,,,,,,,,,,,,,,,,,,,,,,,,2021-08-06 09:57:08,,,,,,,,5,,,,,,,,,,,,,,,,,,,,,,,,,,,,,,
,,,,,,,,,,,,,,,,,,,,,,,,2021-08-06,GP113A1,G21_GP113A1,,,,,,,,,,,,,,,,,,,,,,,,,,,,,,,,2021-08-06 10:52:05,,,,,,,,6,,,,,,,,,,,,,,,,,,,,,,,,,,,,,,
,,,,,,,,,,,,,,,,,,,,,1,,,2021-08-06,GP113A2,G21_GP113A2,,,,,,,,,,,,,,,,,,,,,,,1,,,2,,,3,,,2021-08-06 12:09:46,,1,,,1,,,7,,0.13,,,0.25,,,,,,,,,,,,,,,,,,,,,,,,0.41,
,,,,,,,,,,,,,,,,,,,,,,,,2021-08-06,GP106F,G21_GP106F,,,,,,,,,,,,,,,,,,,,,,,,,,,,,,,,2021-08-06 13:21:18,,,,,,,,8,,,,,,,,,,,,,,,,,,,,,,,,,,,,,,
,,,,,,,,,,,,,,,,,,,,,,,,2021-08-06,GP106A1,G21_GP106A1,,,,,,,,,,,,,,,,,,,,,,,,,,,,,,,,2021-08-06 14:32:29,,,,,,,,9,,,,,,,,,,,,,,,,,,,,,,,,,,,,,,
,,,,,,,,,,,,,,,,,,,,,,,,2021-08-06,GP106A2,G21_GP106A2,,,,,,,,,,,,,,,,,,,,,,,,,,,,,,,,2021-08-06 16:12:59,,,,,,,,10,,,,,,,,,,,,,,,,,,,,,,,,,,,,,,
,,,,,,,,,2,,,,,,,,,,,71,,,,2021-08-06,GP125F,G21_GP125F,,,,,,,,,,,1,,,,,,,,,,,1,,,,15,6,,16,,2,2021-08-06 17:14:26,,1,1,,1,,1,11,,0.92,0.39,,2.03,,0.08,,,,,,,,,,0.26,,,,,,,,,,,1.5,,
,,,,,,,,,,,,,,,,,,,,,1,,,2021-08-06,GP150F,G21_GP150F,,,,,,,,,,,,,,,,,,,,,,,1,,,5,,,7,,,2021-08-06 19:03:54,,1,,,1,,,12,,0.18,,,1.98,,,,,,,,,,,,,,,,,,,,,,,,0.26,
,,,,,,,,,,,,,,,,,,,,126,,,,2021-08-07,GP124F,G21_GP124F,,,,,,,,,,,,,,,,,,,,,,1,,,,,,,,,,2021-08-07 04:50:38,,,,,,,,1,,,,,,,,,,,,,,,,,,,,,,,,,,,,4.88,,
,,,,,,,,,,,,,,,,,,,,,,,,2021-08-07,GP105F,G21_GP105F,,,,,,,,,,,,,,,,,,,,,,,,,,,,,,,,2021-08-07 06:31:12,,,,,,,,2,,,,,,,,,,,,,,,,,,,,,,,,,,,,,,
,,,,,,,,,,,,,,,,,,,,,,,,2021-08-07,GP105A1,G21_GP105A1,,,,,,,,,,,,,,,,,,,,,,,,,,,,,,,,2021-08-07 07:13:18,,,,,,,,3,,,,,,,,,,,,,,,,,,,,,,,,,,,,,,
,,,,,,,,,,,,,,,,,,,,158,,,,2021-08-07,GP105A2,G21_GP105A2,,,,,,,,,,,,,,,,,,,,,,1,,,,2,2,,5,,1,2021-08-07 08:40:56,,1,1,,1,,1,4,,0.04,0.17,,0.83,,0.04,,,,,,,,,,,,,,,,,,,,,3.58,,
,,,,,,,,,,,,,,,,,,,,,,,,2021-08-07,GP080F,G21_GP080F,,,,,,,,,,,,,,,,,,,,,,,,,,,,,,,,2021-08-07 10:28:12,,,,,,,,5,,,,,,,,,,,,,,,,,,,,,,,,,,,,,,
,,,,,,,,,,,,,,,,,,,,,,,,2021-08-07,GP080A1,G21_GP080A1,,,,,,,,,,,,,,,,,,,,,,,,,,4,14,,6,,,2021-08-07 11:22:36,,1,1,,1,,,6,,0.35,0.66,,1.63,,,,,,,,,,,,,,,,,,,,,,,,,
,,,,,,,,,,,,,,,,,,,,,,,,2021-08-07,GP088F,G21_GP088F,,,,,,,,,,,,,,,,,,,,,,,,,,,,,,,,2021-08-07 12:47:59,,,,,,,,7,,,,,,,,,,,,,,,,,,,,,,,,,,,,,,
,,,,,,,,,,,,,,,,,,,,,,,,2021-08-07,GP088A1,G21_GP088A1,,,,,,,,,,,,,,,,,,,,,,,,,,,,,,,,2021-08-07 13:51:20,,,,,,,,8,,,,,,,,,,,,,,,,,,,,,,,,,,,,,,
,,,,,,,,,,,,,,,,,,,,,1,,,2021-08-07,GP088A2,G21_GP088A2,,,,,,,,,,,,,,,,,,,,,,,1,,,3,,,1,,,2021-08-07 17:07:01,,1,,,1,,,9,,0.25,,,0.08,,,,,,,,,,,,,,,,,,,,,,,,0.45,
,,,,,,,,,3,,,,,,,,,,,7,,,,2021-08-07,GP068F,G21_GP068F,,,,,,,,,,,1,,,,,,,,,,,1,,,,5,,,3,,3,2021-08-07 17:25:10,,1,,,1,,1,10,,0.28,,,0.21,,0.04,,,,,,,,,,0.44,,,,,,,,,,,0.18,,
,,,,,,,,,1,,,,,,,,,,,,,,,2021-08-07,GP076F,G21_GP076F,,,,,,,,,,,1,,,,,,,,,,,,,,2,1,,,4,,,2021-08-07 18:43:38,1,1,,,1,,,11,0.08,0.14,,,0.83,,,,,,,,,,,,0.16,,,,,,,,,,,,,
,,,,,,,,,4,,,,,,,,,,,67,,,,2021-08-07,GP061F,G21_GP061F,,,,,,,,,,,1,,,,,,,,,,,1,,,2,3,,1,20,,2,2021-08-07 19:51:43,1,1,,1,1,,1,12,0.13,0.05,,0.11,4.17,,0.05,,,,,,,,,,0.5,,,,,,,,,,,1.6,,
,,,,,,,,,,,,,,,,,,,,7,1,,,2021-08-08,GP049F,G21_GP049F,,,,,,,,,,,,,,,,,,,,,,1,1,,,2,7,1,4,,1,2021-08-08 05:18:34,,1,1,1,1,,1,1,,0.24,0.33,0.2,0.54,,0.04,,,,,,,,,,,,,,,,,,,,,0.17,0.69,
,1,,,,,,,,,,,,,,,,,,,29,1,,,2021-08-08,GP036F,G21_GP036F,,,1,,,,,,,,,,,,,,,,,,,1,1,,,4,1,,2,,2,2021-08-08 06:29:19,,1,1,,1,,1,2,,0.65,0.03,,0.18,,0.05,,0.33,,,,,,,,,,,,,,,,,,,0.66,0.39,
12,4,,,,,,,,1,,,,,,,,,,,31,1,,,2021-08-08,GP026F,G21_GP026F,,1,1,,,,,,,,1,,,,,,,,,,,1,1,,2,1,,,12,,3,2021-08-08 08:38:09,1,1,,,1,,1,3,0.12,0.15,,,2.71,,0.14,0.08,1.17,,,,,,,,0.06,,,,,,,,,,,0.63,0.52,
,2,,,,,,,,,,,,,,,,,,,7,4,,,2021-08-08,GP024F,G21_GP024F,,,1,,,,,,,,,,,,,,,,,,,1,1,,,11,,,7,,1,2021-08-08 09:53:53,,1,,,1,,1,4,,1.26,,,2.5,,0.09,,0.56,,,,,,,,,,,,,,,,,,,0.17,1.92,
,,,,,,,,,,,,,,,,,,,,31,1,,,2021-08-08,GP016F,G21_GP016F,,,,,,,,,,,,,,,,,,,,,,1,1,,,1,,,4,,,2021-08-08 11:05:05,,1,,,1,,,5,,0.19,,,0.66,,,,,,,,,,,,,,,,,,,,,,,0.71,0.39,
,1,,,,,,,,1,,,,,,,,,,,,,,,2021-08-08,GP019F,G21_GP019F,,,1,,,,,,,,1,,,,,,,,,,,,,,8,,,,,,,2021-08-08 13:01:07,1,,,,,,,6,0.66,,,,,,,,0.66,,,,,,,,0.11,,,,,,,,,,,,,
,,,,,,,,,2,,,,,,,,,,,,,,,2021-08-08,GP023F,G21_GP023F,,,,,,,,,,,1,,,,,,,,,,,,,,,,,,,,,2021-08-08 14:32:56,,,,,,,,7,,,,,,,,,,,,,,,,,0.21,,,,,,,,,,,,,
1016,,,,,,,,,,,,,,,,,,,,,,,,2021-08-08,GP025F,G21_GP025F,,1,,,,,,,,,,,,,,,,,,,,,,,,3,5,,,,1,2021-08-08 15:24:08,,1,1,,,,1,8,,0.25,0.44,,,,0.01,4.88,,,,,,,,,,,,,,,,,,,,,,
34,,,,,,,,,,,,3,,,,,,,,,5,,,2021-08-08,GP044F,G21_GP044F,,1,,,,,,,,,,,,1,,,,,,,,,1,,,10,83,1,16,,4,2021-08-08 16:41:29,,1,1,1,1,,1,9,,1.02,2.45,0.12,2.28,,0.21,0.52,,,,,,,,,,,,0.2,,,,,,,,,2.5,
27,,,,,,,,,,,,,,,,,,,,5,,,,2021-08-08,GP046F,G21_GP046F,,1,,,,,,,,,,,,,,,,,,,,1,,,,11,,,4,,1,2021-08-08 18:03:21,,1,,,1,,1,10,,0.79,,,0.65,,0.06,0.11,,,,,,,,,,,,,,,,,,,,0.13,,
13,,,,,,,,,1,,,,,,,,,,,,,,,2021-08-08,GP067F,G21_GP067F,,1,,,,,,,,,1,,,,,,,,,,,,,,4,8,,,21,,4,2021-08-08 19:16:41,1,1,,,1,,1,11,0.12,0.29,,,4.65,,0.18,0.05,,,,,,,,,0.16,,,,,,,,,,,,,
102,,,,,,,,,,,,,,,,,,,,53,,,,2021-08-09,GP048F,G21_GP048F,,1,,,,,,,,,,,,,,,,,,,,1,,,2,9,,,21,,4,2021-08-09 05:45:47,1,1,,,1,,1,1,0.09,0.21,,,9.55,,0.15,0.54,,,,,,,,,,,,,,,,,,,,1.27,,
,,,,,,,,,,,,,,,,,,,,,,,,2021-08-09,GP066F,G21_GP066F,,,,,,,,,,,,,,,,,,,,,,,,,6,8,,,2,,,2021-08-09 06:25:16,1,1,,,1,,,2,0.28,0.35,,,0.63,,,,,,,,,,,,,,,,,,,,,,,,,
,,,,,,,,,,,,,,,,,,,,,,,,2021-08-09,GP050F,G21_GP050F,,,,,,,,,,,,,,,,,,,,,,,,,,,,,,,,2021-08-09 07:22:45,,,,,,,,3,,,,,,,,,,,,,,,,,,,,,,,,,,,,,,
48,,,,,,,,,,,,,,,,,,,,,,,,2021-08-09,GP050A1,G21_GP050A1,,1,,,,,,,,,,,,,,,,,,,,,,,,10,,,1,,,2021-08-09 08:54:34,,1,,,1,,,4,,0.6,,,0.07,,,0.19,,,,,,,,,,,,,,,,,,,,,,
12,,,,,,,,,,,,,,,,,,,,,,,,2021-08-09,GP047F,G21_GP047F,,1,,,,,,,,,,,,,,,,,,,,,,,1,39,3,,3,,1,2021-08-09 10:10:15,1,1,1,,1,,1,5,0.06,7.06,0.27,,0.36,,0.08,0.06,,,,,,,,,,,,,,,,,,,,,,
,,,,,,,,,,,,,,,,,,,,,,,,2021-08-09,GP032F,G21_GP032F,,,,,,,,,,,,,,,,,,,,,,,,,22,,,,,,,2021-08-09 11:34:22,1,,,,,,,6,1.4,,,,,,,,,,,,,,,,,,,,,,,,,,,,,
,,,,,,,,,,,,,,,,,,,,,,,,2021-08-09,GP028F,G21_GP028F,,,,,,,,,,,,,,,,,,,,,,,,,11,,,,,,,2021-08-09 13:27:43,1,,,,,,,7,0.77,,,,,,,,,,,,,,,,,,,,,,,,,,,,,
66,,,,,,,,,1,,,,,,,,,,,,,,,2021-08-09,GP018F,G21_GP018F,,1,,,,,,,,,1,,,,,,,,,,,,,,2,4,12,,29,,8,2021-08-09 14:16:34,1,1,1,,1,,1,8,0.11,0.04,0.82,,3.97,,0.18,0.34,,,,,,,,,0.17,,,,,,,,,,,,,
,,,,,,,,,,,,,,,,,,,,,,,,2021-08-09,GP022F,G21_GP022F,,,,,,,,,,,,,,,,,,,,,,,,,,,,,,,,2021-08-09 15:24:33,,,,,,,,9,,,,,,,,,,,,,,,,,,,,,,,,,,,,,,
,,,,,,,,,,,,,,,,,,,,58,1,,,2021-08-09,GP022A1,G21_GP022A1,,,,,,,,,,,,,,,,,,,,,,1,1,,1,2,,,3,,10,2021-08-09 16:38:54,1,1,,,1,,1,10,0.08,0.25,,,0.32,,0.24,,,,,,,,,,,,,,,,,,,,,1.62,0.17,
,,,,,,,,,,,,,,,,,,,,81,,,,2021-08-09,GP031F,G21_GP031F,,,,,,,,,,,,,,,,,,,,,,1,,,,4,,,,,1,2021-08-09 18:57:58,,1,,,,,1,11,,0.27,,,,,0.01,,,,,,,,,,,,,,,,,,,,,4.04,,
,,,,,,,,,2,,,,,,,,,,,,,,,2021-08-10,GP030F,G21_GP030F,,,,,,,,,,,1,,,,,,,,,,,,,,20,,,,,,,2021-08-10 06:05:34,1,,,,,,,1,0.88,,,,,,,,,,,,,,,,0.2,,,,,,,,,,,,,
,,,,,,,,,,,,,,,,,,,,,,,,2021-08-10,GP040F,G21_GP040F,,,,,,,,,,,,,,,,,,,,,,,,,8,,,,,,,2021-08-10 06:33:14,1,,,,,,,2,0.49,,,,,,,,,,,,,,,,,,,,,,,,,,,,,
,,,,,,,,,,,,,,,,,,,,,,,,2021-08-10,GP042F,G21_GP042F,,,,,,,,,,,,,,,,,,,,,,,,,1,1,,,,,,2021-08-10 07:27:52,1,1,,,,,,3,0.03,0.05,,,,,,,,,,,,,,,,,,,,,,,,,,,,
,,,,,,,,,,,,,,,,,,,,,,,,2021-08-10,GP041F,G21_GP041F,,,,,,,,,,,,,,,,,,,,,,,,,2,41,1,,7,,3,2021-08-10 08:40:48,1,1,1,,1,,1,4,0.07,0.58,0.05,,1.41,,0.12,,,,,,,,,,,,,,,,,,,,,,,
,,,,,,,,,,,,,,,,,,,,,,,,2021-08-10,GP052F,G21_GP052F,,,,,,,,,,,,,,,,,,,,,,,,,48,1,,,9,,4,2021-08-10 09:54:12,1,1,,,1,,1,5,1.69,0.03,,,1.23,,0.15,,,,,,,,,,,,,,,,,,,,,,,
,,,,,,,,,,,,,,,,,,,,,,,,2021-08-10,GP051F,G21_GP051F,,,,,,,,,,,,,,,,,,,,,,,,,3,3,,,,,,2021-08-10 12:03:49,1,1,,,,,,6,0.1,0.07,,,,,,,,,,,,,,,,,,,,,,,,,,,,
,,,,,,,,,,,,,,,,,,,,,,,,2021-08-10,GP069F,G21_GP069F,,,,,,,,,,,,,,,,,,,,,,,,,,3,34,,10,,,2021-08-10 13:43:32,,1,1,,1,,,7,,0.04,1.39,,12.26,,,,,,,,,,,,,,,,,,,,,,,,,
,,,,,,,,,,,,,,,,,,,,,,,,2021-08-10,GP062F,G21_GP062F,,,,,,,,,,,,,,,,,,,,,,,,,4,1,,,1,,2,2021-08-10 14:55:34,1,1,,,1,,1,8,0.09,0.02,,,0.21,,0.08,,,,,,,,,,,,,,,,,,,,,,,
,,,,,,,,,,,,,,,,,,,,,,,,2021-08-10,GP045F,G21_GP045F,,,,,,,,,,,,,,,,,,,,,,,,,7,1,,,,,1,2021-08-10 16:14:56,1,1,,,,,1,9,0.24,0.06,,,,,0.03,,,,,,,,,,,,,,,,,,,,,,,
,,,,,,,,,,,,,,,,,,,,,,,,2021-08-10,GP039F,G21_GP039F,,,,,,,,,,,,,,,,,,,,,,,,,,,,,,,,2021-08-10 18:03:41,,,,,,,,10,,,,,,,,,,,,,,,,,,,,,,,,,,,,,,
,,,,,,,,,,,,,,,,,,,,,,,,2021-08-10,GP039A1,G21_GP039A1,,,,,,,,,,,,,,,,,,,,,,,,,,,,,,,,2021-08-10 18:54:01,,,,,,,,11,,,,,,,,,,,,,,,,,,,,,,,,,,,,,,
,,,,,,,,,,,,,,,,,,,,,,,,2021-08-11,GP053F,G21_GP053F,,,,,,,,,,,,,,,,,,,,,,,,,,1,,,,,,2021-08-11 05:35:03,,1,,,,,,1,,0.01,,,,,,,,,,,,,,,,,,,,,,,,,,,,
,,,,,,,,,,,,,,,,,,,,,,,,2021-08-11,GP043F,G21_GP043F,,,,,,,,,,,,,,,,,,,,,,,,,,,,,,,,2021-08-11 06:41:51,,,,,,,,2,,,,,,,,,,,,,,,,,,,,,,,,,,,,,,
2,,,,,,,,,,,,,,,,,,,,,1,,,2021-08-11,GP043A1,G21_GP043A1,,1,,,,,,,,,,,,,,,,,,,,,1,,,1,,,,,,2021-08-11 07:14:58,,1,,,,,,3,,0.02,,,,,,0.05,,,,,,,,,,,,,,,,,,,,,0.62,
74,1,,,,,,,,,,,,,,,,,,,,,,,2021-08-16,GP009F,G21_GP009F,,1,1,,,,,,,,,,,,,,,,,,,,,,,2,4,,2,,1,2021-08-16 17:53:03,,1,1,,1,,1,1,,0.02,0.34,,0.34,,0.02,0.58,0.02,,,,,,,,,,,,,,,,,,,,,
,,,,,,,,,,,,,3,,,,,,,,,,,2021-08-16,GP011F,G21_GP011F,,,,,,,,,,,,,,,1,,,,,,,,,,,,,,1,,,2021-08-16 18:46:37,,,,,1,,,2,,,,,0.12,,,,,,,,,,,,,,,,0.01,,,,,,,,,
,,,,,,,,,,,,,,,,,,,,,,,,2021-08-16,GP008F,G21_GP008F,,,,,,,,,,,,,,,,,,,,,,,,,,,,,,,,2021-08-16 20:17:12,,,,,,,,3,,,,,,,,,,,,,,,,,,,,,,,,,,,,,,
50,,,,,,,,,,,,,,,,,,,,,5,,,2021-08-17,GP001F,G21_GP001F,,1,,,,,,,,,,,,,,,,,,,,,1,,5,35,9,,4,,,2021-08-17 05:53:36,1,1,1,,1,,,1,0.25,2.36,1.51,,1.04,,,5.69,,,,,,,,,,,,,,,,,,,,,2.59,
,,,,,,,,,,,,,,,,,,,,,,,,2021-08-17,GP003F,G21_GP003F,,,,,,,,,,,,,,,,,,,,,,,,,11,18,,,,,1,2021-08-17 07:41:18,1,1,,,,,1,2,1.55,0.21,,,,,0.04,,,,,,,,,,,,,,,,,,,,,,,
,,,,,,,,,1,,,,,,,,,,,,,,,2021-08-17,GP004F,G21_GP004F,,,,,,,,,,,1,,,,,,,,,,,,,,149,,2,,,,,2021-08-17 08:46:12,1,,1,,,,,3,9.57,,0.29,,,,,,,,,,,,,,0.21,,,,,,,,,,,,,
,1,,,,,,,,4,,,,,,,,,,,,,,,2021-08-17,GP002F,G21_GP002F,,,1,,,,,,,,1,,,,,,,,,,,,,,83,1,,,,,,2021-08-17 09:18:12,1,1,,,1,,,4,4.29,0.02,,,22.92,,,,0.05,,,,,,,,0.53,,,,,,,,,,,,,
38,1,,,,,,,,,,,,,,,,,,,,,,,2021-08-17,GP006F,G21_GP006F,,1,1,,,,,,,,,,,,,,,,,,,,,,,1,,,,,,2021-08-17 10:44:57,,1,,,,,,5,,0.01,,,,,,0.2,0.04,,,,,,,,,,,,,,,,,,,,,
50,1,,,,,,,,,,,,,,,,,,,,3,,,2021-08-17,GP005F,G21_GP005F,,1,1,,,,,,,,,,,,,,,,,,,,1,,2,12,20,,16,,1,2021-08-17 12:04:46,1,1,1,,1,,1,6,0.1,0.15,2.43,,4.83,,0.02,2.35,0.06,,,,,,,,,,,,,,,,,,,,1.11,
,,,,,,,,,,,,,,,,,,,,,,,,2021-08-17,GP007F,G21_GP007F,,,,,,,,,,,,,,,,,,,,,,,,,,10,1,,,,,2021-08-17 13:40:54,,1,1,,,,,7,,0.41,0.08,,,,,,,,,,,,,,,,,,,,,,,,,,,
,,,,,,,,,,,,,,,,,,,,,,,,2021-08-17,GP010F,G21_GP010F,,1,,,,,,,,,,,,,,,,,,,,,,,,53,2,,4,,,2021-08-17 14:56:58,,1,1,,1,,,8,,2,0.25,,0.3,,,2.63,,,,,,,,,,,,,,,,,,,,,,
,,,,,,,,,,,,,,,,,,,,,,,,2021-08-17,GP012F,G21_GP012F,,,,,,,,,,,,,,,,,,,,,,,,,,,,,,,,2021-08-17 16:31:03,,,,,,,,9,,,,,,,,,,,,,,,,,,,,,,,,,,,,,,
,,,,,,,,,,,,,,,,,,,,,,,,2021-08-17,GP013F,G21_GP013F,,,,,,,,,,,,,,,,,,,,,,,,,3,,,,2,,,2021-08-17 17:34:53,1,,,,1,,,10,0.12,,,,0.31,,,,,,,,,,,,,,,,,,,,,,,,,
,1,,,,,,,,,,,,,,,,,,,115,,,,2021-08-18,GP015F,G21_GP015F,,,1,,,,,,,,,,,,,,,,,,,1,,,,15,10,,4,,6,2021-08-18 05:07:16,,1,1,,1,,1,1,,0.36,0.74,,0.54,,0.14,,0.5,,,,,,,,,,,,,,,,,,,2.21,,
,,,,,,,,,,,,,,,,,,,,,,,,2021-08-18,GP017F,G21_GP017F,,,,,,,,,,,,,,,,,,,,,,,,,3,1,,,,,1,2021-08-18 06:57:02,1,1,,,,,1,2,0.13,0.01,,,,,0.06,,,,,,,,,,,,,,,,,,,,,,,
,,,,,,,,,,,,,,,,,,,,,,,,2021-08-18,GP021F,G21_GP021F,,,,,,,,,,,,,,,,,,,,,,,,,,2,,,4,,1,2021-08-18 07:47:59,,1,,,1,,1,3,,0.04,,,0.52,,0.06,,,,,,,,,,,,,,,,,,,,,,,
,,,,,,,,,,,,,,,,,,,,,,,,2021-08-18,GP020F,G21_GP020F,,,,,,,,,,,,,,,,,,,,,,,,,1,1,,,,,2,2021-08-18 09:11:46,1,1,,,,,,4,0.06,0.02,,,,,0.06,,,,,,,,,,,,,,,,,,,,,,,
,,,,,,,,,,,,,2,,,,,,,,,,,2021-08-18,GP014F,G21_GP014F,,,,,,,,,,,,,,,1,,,,,,,,,,2,,,,,,,2021-08-18 10:06:08,1,,,,,,,5,0.02,,,,,,,,,,,,,,,,,,,,0.12,,,,,,,,,
34,,,,,,,,,,,,,,,,,,,,,,,,2021-08-18,GP029F,G21_GP029F,,1,,,,,,,,,,,,,,,,,,,,,,,,20,23,,2,,,2021-08-18 11:12:21,,1,,,1,,,6,,0.6,0.99,,0.32,,,0.14,,,,,,,,,,,,,,,,,,,,,,
,,,,,,,,,,,,,,,,,,,,,,,,2021-08-18,GP034F,G21_GP034F,,,,,,,,,,,,,,,,,,,,,,,,,,,,,,,,2021-08-18 12:55:42,,,,,,,,7,,,,,,,,,,,,,,,,,,,,,,,,,,,,,,
,,,,,,,,,,,,,,,,,,,,,,,,2021-08-18,GP034A1,G21_GP034A1,,,,,,,,,,,,,,,,,,,,,,,,,,,,,,,,2021-08-18 13:59:27,,,,,,,,8,,,,,,,,,,,,,,,,,,,,,,,,,,,,,,
,,,,,,,,,,,,,,,,,,,,,,,,2021-08-18,GP034A2,G21_GP034A2,,,,,,,,,,,,,,,,,,,,,,,,,,8,,,167,,2,2021-08-18 14:46:51,,1,,,1,,1,9,,0.11,,,28.74,,0.05,,,,,,,,,,,,,,,,,,,,,,,
,,,,,,,,,,,,,,,,,,,,,,,,2021-08-18,GP033F,G21_GP033F,,1,,,,,,,,,,,,,,,,,,,,,,,4,32,8,,2,,,2021-08-18 16:50:30,1,1,1,,1,,,10,0.16,0.47,0.9,,0.35,,,15.38,,,,,,,,,,,,,,,,,,,,,,
50,,,,,,,,,1,,,,,,,,,,,,3,,,2021-08-18,GP027F,G21_GP027F,,1,,,,,,,,,1,,,,,,,,,,,,1,,13,1,5,,2,,,2021-08-18 18:16:20,1,1,1,,1,,,11,0.54,0.01,0.63,,0.35,,,1.62,,,,,,,,,0.05,,,,,,,,,,,,0.83,
,,,,,,,,,,,,,,,,,,,,,,,,2021-08-18,GP038F,G21_GP038F,,1,,,,,,,,,,,,,,,,,,,,,,,,2,3,,2,,1,2021-08-18 19:16:05,,1,1,,1,,1,12,,0.06,0.22,,0.05,,0.02,3.34,,,,,,,,,,,,,,,,,,,,,,
,,,,,,,,,,,,,,,,,,,,,1,,,2021-08-19,GP035F,G21_GP035F,,,,,,,,,,,,,,,,,,,,,,,1,,,35,43,,10,,1,2021-08-19 06:00:28,,1,1,,1,,1,1,,1.95,1.97,,2.06,,0.01,,,,,,,,,,,,,,,,,,,,,,0.29,
,,,,,,,,,,,,,,,,,,,,,,,,2021-08-19,GP054F,G21_GP054F,,,,,,,,,,,,,,,,,,,,,,,,,,,,,2,,1,2021-08-19 06:54:46,,,,,1,,1,2,,,,,0.93,,0.05,,,,,,,,,,,,,,,,,,,,,,,
,,,,,,,,,,,,,,,,,,,,,,,,2021-08-19,GP064F,G21_GP064F,,,,,,,,,,,,,,,,,,,,,,,,,,1,,,11,,1,2021-08-19 08:13:09,,1,,,1,,1,3,,0.01,,,0.42,,0.01,,,,,,,,,,,,,,,,,,,,,,,
,,,,,,,,,,,,,,,,,,,,,,,,2021-08-19,GP056F,G21_GP056F,,,,,,,,,,,,,,,,,,,,,,,,,,,,,,,,2021-08-19 09:21:59,,,,,,,,4,,,,,,,,,,,,,,,,,,,,,,,,,,,,,,
,,,,,,,,,,,,,,,,,,,,,,,,2021-08-19,GP056Fr,G21_GP056FR,,,,,,,,,,,,,,,,,,,,,,,,,,1,,,3,,4,2021-08-19 10:09:38,,1,,,1,,1,5,,0.02,,,2.6,,0.1,,,,,,,,,,,,,,,,,,,,,,,
,,,,,,,,,,,,,,,,,,,,,,,,2021-08-19,GP074F,G21_GP074F,,,,,,,,,,,,,,,,,,,,,,,,,,,,,1,,1,2021-08-19 11:38:38,,,,,1,,1,6,,,,,0.01,,0.01,,,,,,,,,,,,,,,,,,,,,,,
,,,,,,,,,,,,,,,,,,,,,,,,2021-08-19,GP057F,G21_GP057F,,,,,,,,,,,,,,,,,,,,,,,,,,12,89,,,,,2021-08-19 12:29:12,,1,1,,,,,7,,0.76,3.96,,,,,,,,,,,,,,,,,,,,,,,,,,,
,,,,,,,,,,,,,,,,,,,,,,,,2021-08-19,GP059F,G21_GP059F,,,,,,,,,,,,,,,,,,,,,,,,,,5,44,,135,,1,2021-08-19 14:57:48,,1,,,1,,1,8,,0.16,1.56,,33.69,,0.02,,,,,,,,,,,,,,,,,,,,,,,
,,,,,,,,,,,,,,,,,,,,,,,,2021-08-19,GP065F,G21_GP065F,,,,,,,,,,,,,,,,,,,,,,,,,,2,,,54,,7,2021-08-19 15:27:04,,1,,,1,,1,9,,0.04,,,4.75,,0.1,,,,,,,,,,,,,,,,,,,,,,,
,,,,,,,,,,,,,,,,,,,,,,,,2021-08-19,GP086F,G21_GP086F,,,,,,,,,,,,,,,,,,,,,,,,,,4,28,,62,,5,2021-08-19 16:53:56,,1,1,,1,,1,10,,0.12,1.37,,5.92,,0.2,,,,,,,,,,,,,,,,,,,,,,,
,,,,,,,,,,,,,,,,,,,,,,,,2021-08-19,GP073F,G21_GP073F,,,,,,,,,,,,,,,,,,,,,,,,,,6,84,,119,,9,2021-08-19 18:12:49,,1,1,,1,,1,11,,0.25,3.22,,32.05,,0.14,,,,,,,,,,,,,,,,,,,,,,,
,,,,,,,,,,,,,,,,,,,,,,,,2021-08-19,GP058F,G21_GP058F,,,,,,,,,,,,,,,,,,,,,,,,,,2,,,16,,,2021-08-19 19:13:55,,1,,,1,,,12,,0.03,,,0.53,,,,,,,,,,,,,,,,,,,,,,,,,
,,,,,,,,,,,,,,,,,,,,,,,,2021-08-20,GP037F,G21_GP037F,,,,,,,,,,,,,,,,,,,,,,,,,2,2,14,,3,,,2021-08-20 06:15:50,1,1,1,,1,,,1,0.06,0.03,0.93,,0.81,,,,,,,,,,,,,,,,,,,,,,,,,
,,,,,,,,,,,,,,,,,,,,,,,,2021-08-20,GP055F,G21_GP055F,,,,,,,,,,,,,,,,,,,,,,,,,,,,,,,,2021-08-20 06:56:46,,,,,,,,2,,,,,,,,,,,,,,,,,,,,,,,,,,,,,,
,,,,,,,,,,,,,,,,,,,,,,,,2021-08-20,GP055A1,G21_GP055A1,,,,,,,,,,,,,,,,,,,,,,,,,,8,24,,6,,,2021-08-20 07:53:48,,1,1,,1,,,3,,0.31,1.22,,0.49,,,,,,,,,,,,,,,,,,,,,,,,,
,,,,,,,,,,,,1,,,,,,,,,,,,2021-08-20,GP071F,G21_GP071F,,,,,,,,,,,,,,1,,,,,,,,,,,4,3,,,20,,4,2021-08-20 09:20:50,1,1,,,1,,1,4,0.12,0.05,,,1.22,,0.08,,,,,,,,,,,,,0.05,,,,,,,,,,
,,,,,,,,,,,,,,,,,,,,,,,,2021-08-20,GP075F,G21_GP075F,,,,,,,,,,,,,,,,,,,,,,,,,,1,51,,,,46,2021-08-20 11:09:15,,1,1,,,,1,5,,0.06,2.3,,,,0.78,,,,,,,,,,,,,,,,,,,,,,,
,,,,,,,,,,,,,,,,,,,,,,,,2021-08-20,GP089F,G21_GP089F,,,,,,,,,,,,,,,,,,,,,,,,,,,,,,,,2021-08-20 12:18:40,,,,,,,,6,,,,,,,,,,,,,,,,,,,,,,,,,,,,,,
,,,,,,,,,,,,,,,,,,,,,,,,2021-08-20,GP089A1,G21_GP089A1,,,,,,,,,,,,,,,,,,,,,,,,,,,45,,3,,44,2021-08-20 13:34:28,,,1,,1,,1,7,,,2.04,,0.38,,0.72,,,,,,,,,,,,,,,,,,,,,,,
,,,,,,,,,,,,,,,,,,,,,,,,2021-08-20,GP114F,G21_GP114F,,,,,,,,,,,,,,,,,,,,,,,,,,,,,,,,2021-08-20 15:17:16,,,,,,,,8,,,,,,,,,,,,,,,,,,,,,,,,,,,,,,
,,,,,,,,,,,,,,,,,,,,10,,,,2021-08-20,GP126F,G21_GP126F,,,,,,,,,,,,,,,,,,,,,,1,,,,,113,,5,,3,2021-08-20 18:10:45,,,1,,1,,1,9,,,3.38,,1.11,,0.05,,,,,,,,,,,,,,,,,,,,,0.21,,
,,,,,,,,,,,,,,,,,,,,,,,,2021-08-20,GP101F,G21_GP101F,,,,,,,,,,,,,,,,,,,,,,,,,,4,692,,,,6,2021-08-20 18:53:10,,1,1,,,,1,10,,0.12,17.73,,,,0.11,,,,,,,,,,,,,,,,,,,,,,,
,,,,,,,,,,,,,,,,,,,,,,,,2021-08-21,GP082F,G21_GP082F,,,,,,,,,,,,,,,,,,,,,,,,,1,11,2,,3,,14,2021-08-21 05:14:18,1,1,1,,1,,1,1,0.03,0.41,0.19,,0.3,,0.43,,,,,,,,,,,,,,,,,,,,,,,
,,,,,,,,,,,,,,,,,,,,,,,,2021-08-21,GP060F,G21_GP060F,,,,,,,,,,,,,,,,,,,,,,,,,1,1,,,1,,3,2021-08-21 07:05:41,1,1,,,1,,1,2,0.02,0.21,,,0.24,,0.14,,,,,,,,,,,,,,,,,,,,,,,
,,,,,,,,,,,,,,,,,,,,,,,,2021-08-21,GP087F,G21_GP087F,,,,,,,,,,,,,,,,,,,,,,,,,,5,67,,1,,1,2021-08-21 08:24:36,,1,1,,1,,1,3,,0.26,3.15,,0.02,,0.04,,,,,,,,,,,,,,,,,,,,,,,
,,,,,,,,,,,,,,,,,,,,,,,,2021-08-21,GP100F,G21_GP100F,,,,,,,,,,,,,,,,,,,,,,,,,6,7,11,,9,,2,2021-08-21 10:14:28,1,1,1,,1,,1,4,0.12,0.24,0.81,,1.28,,0.05,,,,,,,,,,,,,,,,,,,,,,,
4,,,,,,,,,,,,,,,,,,,,525,,,,2021-08-21,GP092F,G21_GP092F,,1,,,,,,,,,,,,,,,,,,,,1,,,,,14,,38,,4,2021-08-21 11:23:53,,,1,,1,,1,5,,,0.83,,9.45,,0.09,0.05,,,,,,,,,,,,,,,,,,,,9.97,,
,,,,,,,,,,,,,,,,,,,,,,,,2021-08-21,GP110F,G21_GP110F,,,,,,,,,,,,,,,,,,,,,,,,,,20,1,,7,,3,2021-08-21 13:17:22,,1,1,,1,,1,6,,0.65,0.15,,1.22,,0.09,,,,,,,,,,,,,,,,,,,,,,,
,,,,,,,,,,,,,,,,,,,,,,,,2021-08-21,GP136F,G21_GP136F,,,,,,,,,,,,,,,,,,,,,,,,,,7,181,,13,,8,2021-08-21 14:54:28,,1,1,,1,,1,7,,0.3,5.71,,2.42,,0.17,,,,,,,,,,,,,,,,,,,,,,,
,,,,,,,,,,,,,,,,,,,,,,,,2021-08-21,GP129F,G21_GP129F,,,,,,,,,,,,,,,,,,,,,,,,,1,8,439,,20,,4,2021-08-21 16:27:25,1,1,1,,1,,1,8,0.02,0.15,12.54,,2.82,,0.14,,,,,,,,,,,,,,,,,,,,,,,
,,,,,,,,,,,,,,,,,,,,,,,,2021-08-21,GP144F,G21_GP144F,,,,,,,,,,,,,,,,,,,,,,,,,,,,,,,,2021-08-21 17:29:18,,,,,,,,9,,,,,,,,,,,,,,,,,,,,,,,,,,,,,,
,,,,,,,,,,,,,,,,,,,,,,,,2021-08-21,GP144A1,G21_GP144A1,,,,,,,,,,,,,,,,,,,,,,,,,,,,,,,,2021-08-21 18:28:36,,,,,,,,10,,,,,,,,,,,,,,,,,,,,,,,,,,,,,,
,,,,,,,,,,,,,,,,,,,,,,,,2021-08-21,GP142A2,G21_GP142A2,,,,,,,,,,,,,,,,,,,,,,,,,,,,,,,,2021-08-21 20:17:24,,,,,,,,11,,,,,,,,,,,,,,,,,,,,,,,,,,,,,,
,,,,,,,,,,,,,,,,,,,,,,,,2021-08-22,GP093F,G21_GP093F,,,,,,,,,,,,,,,,,,,,,,,,,7,16,,,,,,2021-08-22 06:01:52,1,1,,,,,,1,0.24,0.34,,,,,,,,,,,,,,,,,,,,,,,,,,,,
,,,,,,,,,,,,,,,,,,,,,,,,2021-08-22,GP070F,G21_GP070F,,,,,,,,,,,,,,,,,,,,,,,,,14,23,,,3,,6,2021-08-22 07:47:34,1,1,,,1,,1,2,0.48,0.87,,,0.82,,0.4,,,,,,,,,,,,,,,,,,,,,,,
,,,,,,,,,,,,,1,,,,,,,,,,,2021-08-22,GP063F,G21_GP063F,,,,,,,,,,,,,,,1,,,,,,,,,,2,8,1,,13,,6,2021-08-22 08:21:07,1,1,1,,1,,1,3,0.06,0.29,0.08,,3.18,,0.21,,,,,,,,,,,,,,0.02,,,,,,,,,
,,,,,,,,,,,,,,,,,,,,,,,,2021-08-22,GP095F,G21_GP095F,,,,,,,,,,,,,,,,,,,,,,,,,1,10,,,2,,,2021-08-22 09:24:19,1,1,,,1,,,4,0.03,0.29,,,0.47,,,,,,,,,,,,,,,,,,,,,,,,,
,,,,,,,,,,,,,,,,,,,,,,,,2021-08-22,GP111F,G21_GP111F,,,,,,,,,,,,,,,,,,,,,,,,,4,25,,,3,,3,2021-08-22 11:16:43,1,1,,,1,,1,5,0.08,0.76,,,0.54,,0.08,,,,,,,,,,,,,,,,,,,,,,,
,,,,,,,,,,,,,,,,,,,,91,,,,2021-08-22,GP135F,G21_GP135F,,,,,,,,,,,,,,,,,,,,,,1,,,,10,2,,8,,1,2021-08-22 11:51:38,,1,1,,1,,1,6,,0.09,0.15,,1.36,,0.06,,,,,,,,,,,,,,,,,,,,,1.97,,
,,,,,,,,,,,,,,,,,,,,,,,,2021-08-22,GP131F,G21_GP131F,,,,,,,,,,,,,,,,,,,,,,,,,,10,1,,13,,4,2021-08-22 12:54:14,,1,1,,1,,1,7,,0.22,0.12,,2.63,,0.12,,,,,,,,,,,,,,,,,,,,,,,
,,,,,,,,,,,,,,,,,,,,,,,,2021-08-22,GP145F,G21_GP145F,,,,,,,,,,,,,,,,,,,,,,,,,,4,,,5,,,2021-08-22 13:55:51,,1,,,1,,,8,,0.85,,,0.78,,,,,,,,,,,,,,,,,,,,,,,,,
,,,,,,,,,,,,,,,,,,,,2.14,,,,2021-08-22,GP137F,G21_GP137F,,,,,,,,,,,,,,,,,,,,,,1,,,,6,,,10,,12,2021-08-22 14:55:03,,1,,,1,,1,9,,0.09,,,2.17,,0.26,,,,,,,,,,,,,,,,,,,,,11.34,,
,,,,,,,,,,,,,,,,,,,,,,,,2021-08-22,GP119F,G21_GP119F,,,,,,,,,,,,,,,,,,,,,,,,,,2,,,,,,2021-08-22 17:34:47,,1,,,,,,10,,0.05,,,,,,,,,,,,,,,,,,,,,,,,,,,,
,,,,,,,,,,,,,,,,,,,,,,,,2021-08-22,GP102F,G21_GP102F,,,,,,,,,,,,,,,,,,,,,,,,,,,,,,,,2021-08-22 18:04:22,,,,,,,,11,,,,,,,,,,,,,,,,,,,,,,,,,,,,,,
,,,,,,,,,,,,,,,,,,,,,,,,2021-08-22,GP102A1,G21_GP102A1,,,,,,,,,,,,,,,,,,,,,,,,,5,15,,,,,17,2021-08-22 18:44:54,1,1,,,,,1,12,0.14,0.76,,,,,0.87,,,,,,,,,,,,,,,,,,,,,,,
,,,,,,,,,,,,,,,,,,,,,,,,2021-08-23,GP090F,G21_GP090F,,,,,,,,,,,,,,,,,,,,,,,,,,2,,,,,,2021-08-23 05:38:53,,1,,,,,,1,,0.14,,,,,,,,,,,,,,,,,,,,,,,,,,,,
,,,,,,,,,,,,,,,,,,,,,,,,2021-08-23,GP079F,G21_GP079F,,,,,,,,,,,,,,,,,,,,,,,,,,,,,,,,2021-08-23 06:45:35,,,,,,,,2,,,,,,,,,,,,,,,,,,,,,,,,,,,,,,
,,,,,,,,,,,,,,,,,,,,,,,,2021-08-23,GP079FR,G21_GP079FR,,,,,,,,,,,,,,,,,,,,,,,,,,2,,,,,,2021-08-23 07:46:45,,1,,,,,,3,,0.1,,,,,,,,,,,,,,,,,,,,,,,,,,,,
,,,,,,,,,,,,,,,,,,,,,,,,2021-08-23,GP104F,G21_GP104F,,,,,,,,,,,,,,,,,,,,,,,,,1,15,,,1,,,2021-08-23 08:32:31,1,1,,,1,,,4,0.04,0.55,,,0.03,,,,,,,,,,,,,,,,,,,,,,,,,
,,,,,,,,,,,,,,,,,,,,,,,,2021-08-23,GP091F,G21_GP091F,,,,,,,,,,,,,,,,,,,,,,,,,6,22,,,,,2,2021-08-23 09:48:48,1,1,,,,,1,5,0.17,0.81,,,,,0.06,,,,,,,,,,,,,,,,,,,,,,,
,,,,,,,,,,,,,,,,,,,,,,,,2021-08-23,GP108F,G21_GP108F,,,,,,,,,,,,,,,,,,,,,,,,,,,,,,,,2021-08-23 11:01:48,,,,,,,,6,,,,,,,,,,,,,,,,,,,,,,,,,,,,,,
,,,,,,,,,,,,,,,,,,,,,,,,2021-08-23,GP108A1,G21_GP108A1,,,,,,,,,,,,,,,,,,,,,,,,,11,26,,,,,4,2021-08-23 12:16:51,1,1,,,,,1,7,0.54,0.92,,,,,0.28,,,,,,,,,,,,,,,,,,,,,,,
,,,,,,,,,,,,,,,,,,,,,,,,2021-08-23,GP132F,G21_GP132F,,,,,,,,,,,,,,,,,,,,,,,,,1,6,,,7,,6,2021-08-23 13:14:39,1,1,,,1,,1,8,0.01,0.13,,,0.65,,0.22,,,,,,,,,,,,,,,,,,,,,,,
,,,,,,,,,,,,,,,,,,,,,,,,2021-08-23,GP148F,G21_GP148F,,,,,,,,,,,,,,,,,,,,,,,,,,,,,,,,2021-08-23 14:19:12,,,,,,,,9,,,,,,,,,,,,,,,,,,,,,,,,,,,,,,
,,,,,,,,,,,,1,,,,,,,,2,,,,2021-08-23,GP148A1,G21_GP148A1,,,,,,,,,,,,,,1,,,,,,,,1,,,,8,322,,8,,4,2021-08-23 16:53:33,,1,1,,1,,1,10,,0.56,11.23,,1.43,,0.09,,,,,,,,,,,,,0.07,,,,,,,,0.02,,
,,,,,,,,,,,,,,,,,,,,,,,,2021-08-23,GP140F,G21_GP140F,,,,,,,,,,,,,,,,,,,,,,,,,1,1,,,2,,2,2021-08-23 17:22:49,1,1,,,1,,1,11,0.03,0.01,,,0.19,,0.16,,,,,,,,,,,,,,,,,,,,,,,
17,,,,,,,,,1,,,,,,,,,,,,,,,2021-08-23,GP117A1,G21_GP117A1,,1,,,,,,,,,1,,,,,,,,,,,,,,2,12,,,8,,1,2021-08-23 18:51:08,1,1,,,1,,1,12,0.06,0.39,,,0.89,,0.03,0.09,,,,,,,,,0.09,,,,,,,,,,,,,
,,,,,,,,,,,,,,,,,,,,,,,,2021-08-23,GP117F,G21_GP117F,,,,,,,,,,,,,,,,,,,,,,,,,,,,,,,,2021-08-23 21:14:08,,,,,,,,11,,,,,,,,,,,,,,,,,,,,,,,,,,,,,,
,,,,,,,,,,,,,,,,,,,,8,,,,2021-08-24,GP097F,G21_GP097F,,,,,,,,,,,,,,,,,,,,,,1,,,,10,4,,18,,1,2021-08-24 06:31:51,,1,1,,1,,1,1,,0.27,0.36,,4,,0.05,,,,,,,,,,,,,,,,,,,,,0.17,,
,,,,,,,,,,,,,1,,,,,,,,,,,2021-08-24,GP116F,G21_GP116F,,,,,,,,,,,,,,,1,,,,,,,,,,1,4,,,4,,,2021-08-24 07:14:09,1,1,,,1,,,2,0.03,0.1,,,0.4,,,,,,,,,,,,,,,,0.01,,,,,,,,,
,,,,,,,,,,,,,,,,,,,,,,,,2021-08-24,GP146F,G21_GP146F,,,,,,,,,,,,,,,,,,,,,,,,,,,,,,,,2021-08-24 08:33:05,,,,,,,,3,,,,,,,,,,,,,,,,,,,,,,,,,,,,,,
,,,,,,,,,,,,,,,,,,,,,,,,2021-08-24,GP146A1,G21_GP146A1,,,,,,,,,,,,,,,,,,,,,,,,,,,,,,,,2021-08-24 09:26:25,,,,,,,,4,,,,,,,,,,,,,,,,,,,,,,,,,,,,,,
,,,,,,,,,,,,,,,,,,,,0.94,,,,2021-08-24,GP146A2,G21_GP146A2,,,,,,,,,,,,,,,,,,,,,,1,,,,5,11,,9,,9,2021-08-24 10:15:52,,1,1,,1,,1,5,,0.18,0.78,,1.65,,0.37,,,,,,,,,,,,,,,,,,,,,5.76,,
58,,,,,,,,,,,,,1,,,,,,,248,,,,2021-08-24,GP160F,G21_GP160F,,1,,,,,,,,,,,,,1,,,,,,,1,,,,2,102,,6,,8,2021-08-24 11:29:34,,1,1,,1,,1,6,,0.06,4.36,,1.15,,0.25,0.2,,,,,,,,,,,,,0.07,,,,,,,5.53,,
,,,,,,,,,,,,,,,,,,,,,,,,2021-08-24,GP161F,G21_GP161F,,,,,,,,,,,,,,,,,,,,,,,,,,5,,,,,,2021-08-24 12:18:57,,1,,,,,,7,,0.12,,,,,,,,,,,,,,,,,,,,,,,,,,,,
,,,,,,,,,,,,,,,,,,,,,,,,2021-08-24,GP151F,G21_GP151F,,,,,,,,,,,,,,,,,,,,,,,,,,,,,,,,2021-08-24 13:30:52,,,,,,,,8,,,,,,,,,,,,,,,,,,,,,,,,,,,,,,
,,,,,,,,,,,,,,,,,,,,,,,,2021-08-24,GP151A1,G21_GP151A1,,,,,,,,,,,,,,,,,,,,,,,,,,38,102,,36,,5,2021-08-24 16:19:52,,1,1,,1,,1,9,,2.02,6.84,,4.04,,0.09,,,,,,,,,,,,,,,,,,,,,,,
,,,,,,,,,,,,,,,,,,,,,,,,2021-08-24,GP164F,G21_GP164F,,,,,,,,,,,,,,,,,,,,,,,,,,11,109,,20,,3,2021-08-24 18:06:01,,1,1,,1,,1,10,,0.44,5.82,,2.34,,0.12,,,,,,,,,,,,,,,,,,,,,,,
,,,,,,,,,,,,,,,,,,,,3,1,,,2021-08-24,GP163F,G21_GP163F,,,,,,,,,,,,,,,,,,,,,,1,1,,,33,188,,18,,4,2021-08-24 19:14:07,,1,1,,1,,1,11,,1.28,9.46,,3.04,,0.11,,,,,,,,,,,,,,,,,,,,,0.06,0.26,
,,,,,,,,,,,,,,,,,,,,,,,,2021-08-25,GP212A1,G21_GP212A1,,,,,,,,,,,,,,,,,,,,,,,,,,,,,,,,2021-08-25 06:17:26,,,,,,,,1,,,,,,,,,,,,,,,,,,,,,,,,,,,,,,
,,,,,,,,,,,,,,,,,,,,,,,,2021-08-25,GP212A2,G21_GP212A2,,,,,,,,,,,,,,,,,,,,,,,,,,,,,,,,2021-08-25 06:34:33,,,,,,,,2,,,,,,,,,,,,,,,,,,,,,,,,,,,,,,
,,,,,,,,,,,,,,,,,,,,,90,,,2021-08-25,GP232F,G21_GP232F,,,,,,,,,,,,,,,,,,,,,,,1,,,1,12,,6,,,2021-08-25 07:24:21,,1,1,,1,,,3,,0.27,0.5,,1.81,,,,,,,,,,,,,,,,,,,,,,,,67.65,
,,,,,,,,,,,2,,,,,,,,,,41,,,2021-08-31,GP255F,G21_GP255F,,,,,,,,,,,,,1,,,,,,,,,,1,,,14,23,,14,,,2021-08-31 07:17:59,,1,1,,1,,,1,,1.69,0.96,,2.05,,,,,,,,,,,,,,0.19,,,,,,,,,,17.93,
,,,,,,,,,,,,,,,,,,,,,,,,2021-08-31,GP246F,G21_GP246F,,,,,,,,,,,,,,,,,,,,,,,,,,,,,,,,2021-08-31 08:30:54,,,,,,,,2,,,,,,,,,,,,,,,,,,,,,,,,,,,,,,
,,,,,,,,,,,,,,,,,,,,,39,,,2021-08-31,GP246A1,G21_GP246A1,,,,,,,,,,,,,,,,,,,,,,,1,,,30,129,,17,,2,2021-08-31 09:53:36,,1,1,,1,,1,3,,5.16,5.06,,3.23,,0.06,,,,,,,,,,,,,,,,,,,,,,13.91,
,,,,,,,,,,,,,1,,,,,,,,129,,,2021-08-31,GP244F,G21_GP244F,,,,,,,,,,,,,,,1,,,,,,,,1,,,69,111,,22,,,2021-08-31 10:55:29,,1,1,,1,,,4,,12.37,4.78,,5.63,,,,,,,,,,,,,,,,0.05,,,,,,,,47.5,
,,,,,,,,,,,,,,,,,,,,,,,,2021-08-31,GP229F,G21_GP229F,,,,,,,,,,,,,,,,,,,,,,,,,,,,,,,,2021-08-31 11:51:01,,,,,,,,5,,,,,,,,,,,,,,,,,,,,,,,,,,,,,,
,,,,,,,,,,,,,,,,,,,,,,,,2021-08-31,GP229A1,G21_GP229A1,,,,,,,,,,,,,,,,,,,,,,,,,,,,,,,,2021-08-31 13:14:07,,,,,,,,6,,,,,,,,,,,,,,,,,,,,,,,,,,,,,,
,,,,,,,,,,,,,,,,,,,,,,,,2021-08-31,GP229A2,G21_GP229A2,,,,,,,,,,,,,,,,,,,,,,,,,,,,,,,,2021-08-31 13:47:40,,,,,,,,7,,,,,,,,,,,,,,,,,,,,,,,,,,,,,,
,,,,,,,,,,,,,,,,,,,,,,,,2021-08-31,GP229A3,G21_GP229A3,,,,,,,,,,,,,,,,,,,,,,,,,,,,,,,,2021-08-31 15:43:56,,,,,,,,8,,,,,,,,,,,,,,,,,,,,,,,,,,,,,,
,,,,,,,,,,,,,,,,,,,,,,,,2021-08-31,GP215F,G21_GP215F,,,,,,,,,,,,,,,,,,,,,,,,,,,,,,,,2021-08-31 16:48:26,,,,,,,,9,,,,,,,,,,,,,,,,,,,,,,,,,,,,,,
,,,,,,,,,,,,1,,,,,,,,,,,,2021-08-31,GP215A1,G21_GP215A1,,,,,,,,,,,,,,1,,,,,,,,,,,,9,39,,24,,,2021-08-31 18:14:08,,1,1,,1,,,10,,1.25,1.5,,5.29,,,,,,,,,,,,,,,0.06,,,,,,,,,,
,,,,,,,,,,,,1,,,,,,,,,7,,,2021-08-31,GP210F,G21_GP210F,,,,,,,,,,,,,,1,,,,,,,,,1,,,16,410,,25,,,2021-08-31 19:36:50,,1,1,,1,,,11,,0.81,20.88,,3.42,,,,,,,,,,,,,,,0.02,,,,,,,,,3.2,
,,,,,,,,,,,,,,,,,,,,,3,,,2021-09-01,GP221F,G21_GP221F,,,,,,,,,,,,,,,,,,,,,,,1,,,10,41,,18,,,2021-09-01 05:29:10,,1,1,,1,,,1,,1.36,1.4,,2.77,,,,,,,,,,,,,,,,,,,,,,,,0.93,
,,,,,,,,,,,,,,,,,,,,,,,,2021-09-01,GP177F,G21_GP177F,,,,,,,,,,,,,,,,,,,,,,,,,,,,,,,1,2021-09-01 07:10:18,,,,,,,1,2,,,,,,,0.04,,,,,,,,,,,,,,,,,,,,,,,
,,,,,,,,,,,,,,,,,,,,112,,,,2021-09-01,GP190F,G21_GP190F,,,,,,,,,,,,,,,,,,,,,,1,,,,,,,1,,1,2021-09-01 08:51:06,,,,,1,,1,3,,,,,0.12,,0.03,,,,,,,,,,,,,,,,,,,,,2.46,,
,,,,,,,,,,,,,,,,,,,,,,,,2021-09-01,GP188F,G21_GP188F,,,,,,,,,,,,,,,,,,,,,,,,,,3,1,,2,,2,2021-09-01 09:58:22,,1,1,,1,,1,4,,0.2,0.1,,0.41,,0.05,,,,,,,,,,,,,,,,,,,,,,,
,,,,,,,,,,,,,,,,,,,,,,,,2021-09-01,GP196F,G21_GP196F,,,,,,,,,,,,,,,,,,,,,,,,,,,,,,,,2021-09-01 10:56:32,,,,,,,,5,,,,,,,,,,,,,,,,,,,,,,,,,,,,,,
,,,,,,,,,1,,,,,,,,,,,,1,,,2021-09-01,GP196A1,G21_GP196A1,,,,,,,,,,,1,,,,,,,,,,,,1,,,10,171,,11,,,2021-09-01 11:30:45,,1,1,,1,,,6,,0.51,7.53,,2.18,,,,,,,,,,,,0.02,,,,,,,,,,,,0.33,
,,,,,,,,,,,,,1,,,,,,,85,,,,2021-09-01,GP182F,G21_GP182F,,,,,,,,,,,,,,,1,,,,,,,1,,,,2,68,,6,,2,2021-09-01 12:45:24,,1,1,,1,,1,7,,0.19,2.95,,1.2,,0.07,,,,,,,,,,,,,,0.01,,,,,,,2.22,,
,,,,,,,,,,,,1,,,,,,,,27,,,,2021-09-01,GP194F,G21_GP194F,,,,,,,,,,,,,,1,,,,,,,,1,,,,1,62,,23,,1,2021-09-01 14:51:44,,1,1,,1,,1,8,,0.02,3.51,,4.74,,0.06,,,,,,,,,,,,,0.04,,,,,,,,0.5,,
1,,,,,,,,,,,,,,,,,,,,37,,,,2021-09-01,GP186F,G21_GP186F,,1,,,,,,,,,,,,,,,,,,,,1,,,,7,26,,6,,1,2021-09-01 15:57:50,,1,1,,1,,1,9,,0.46,1.15,,0.78,,0.04,0.03,,,,,,,,,,,,,,,,,,,,0.91,,
,,,,,,,,,,,,,,,,,,,,,2,,,2021-09-01,GP167F,G21_GP167F,,,,,,,,,,,,,,,,,,,,,,,1,,,14,372,,234,,3,2021-09-01 17:13:03,,1,1,,1,,1,10,,1.04,15.79,,31.88,,0.08,,,,,,,,,,,,,,,,,,,,,,0.49,
11,,,,,,,,,,,,,,,,,,,,41,,,,2021-09-01,GP173F,G21_GP173F,,1,,,,,,,,,,,,,,,,,,,,1,,,,6,247,,13,,2,2021-09-01 18:26:06,,1,1,,1,,1,11,,0.13,9.13,,1.98,,0.05,0.06,,,,,,,,,,,,,,,,,,,,0.63,,
,,,,,,,,,,,,,,,,,,,,,35,,,2021-09-02,GP225F,G21_GP225F,,,,,,,,,,,,,,,,,,,,,,,1,,,92,235,,22,,4,2021-09-02 06:02:01,,1,1,,1,,1,1,,8.41,12.63,,4.53,,0.14,,,,,,,,,,,,,,,,,,,,,,21.99,
,,,,,,,,,,,,,,,,,,,,3,,,,2021-09-04,GP222F,G21_GP222F,,,,,,,,,,,,,,,,,,,,,,1,,,,2,162,,2,,,2021-09-04 14:02:19,,1,1,,1,,,1,,0.24,9.09,,0.48,,,,,,,,,,,,,,,,,,,,,,,0.07,,
,,,,,,,,,,,,,,,,,,,,,,,,2021-09-04,GP205F,G21_GP205F,,,,,,,,,,,,,,,,,,,,,,,,,,,,,,,,2021-09-04 14:43:14,,,,,,,,2,,,,,,,,,,,,,,,,,,,,,,,,,,,,,,
,,,,,,,,,,,,,,,,,,,,280,,,,2021-09-04,GP213F,G21_GP213F,,,,,,,,,,,,,,,,,,,,,,1,,,,1,295,3,2,,9,2021-09-04 15:58:15,,1,1,1,1,,1,3,,0.14,10.77,0.59,0.29,,0.17,,,,,,,,,,,,,,,,,,,,,5.1,,
,,,,,,,,,,,,,,,,,,,,128,,,,2021-09-04,GP224F,G21_GP224F,,,,,,,,,,,,,,,,,,,,,,1,,,,,154,,3,,7,2021-09-04 16:58:32,,,1,,1,,1,4,,,8.52,,0.45,,0.12,,,,,,,,,,,,,,,,,,,,,2.04,,
2,,,,,,,,,,,,,,,,,,,,13,15,,,2021-09-05,GP239F,G21_GP239F,,1,,,,,,,,,,,,,,,,,,,,1,1,,,7,49,,3,,12,2021-09-05 11:04:15,,1,1,,1,,1,1,,1.45,2.37,,0.32,,0.64,0.02,,,,,,,,,,,,,,,,,,,,0.27,6.51,
13,,,,,,,,,1,,,4,,,,,,,,,1,,,2021-09-05,GP253F,G21_GP253F,,1,,,,,,,,,1,,,1,,,,,,,,,1,,,23,115,,7,,,2021-09-05 11:29:14,,1,1,,1,,,2,,3.8,7.87,,1.52,,,0.19,,,,,,,,,0.05,,,0.54,,,,,,,,,0.39,
3,,,,,,,,,,,,3,1,,,,,,,,,,,2021-09-05,GP242F,G21_GP242F,,1,,,,,,,,,,,,1,1,,,,,,,,,,,19,37,,12,,,2021-09-05 12:15:36,,1,1,,1,,,3,,3.41,1.91,,3.04,,,0.05,,,,,,,,,,,,0.41,0.06,,,,,,,,,
,,,,,,,,,,,,,1,,,,,,,3,,,,2021-09-05,GP228F,G21_GP228F,,,,,,,,,,,,,,,1,,,,,,,1,,,,2,126,,8,,2,2021-09-05 13:03:41,,1,1,,1,,1,4,,0.4,5.64,,1.38,,0.06,,,,,,,,,,,,,,0.02,,,,,,,0.06,,
13,,,,,,,,,,,,,,,,,,,,41,,,,2021-09-05,GP216F,G21_GP216F,,1,,,,,,,,,,,,,,,,,,,,1,,,,,114,,20,,1,2021-09-05 14:45:20,,,1,,1,,1,5,,,3.96,,2.58,,0.03,0.07,,,,,,,,,,,,,,,,,,,,0.89,,
,,,,,,,,,,,,,,,,,,,,3,,,,2021-09-05,GP195F,G21_GP195F,,,,,,,,,,,,,,,,,,,,,,1,,,,1,185,,5,,4,2021-09-05 16:09:25,,1,1,,1,,1,6,,0.02,3.71,,0.43,,0.05,,,,,,,,,,,,,,,,,,,,,0.06,,
8,,,,,,,,,,,,1,,,,,,,,,,,,2021-09-05,GP171F,G21_GP171F,,1,,,,,,,,,,,,1,,,,,,,,,,,,7,100,,4,,,2021-09-05 17:21:19,,1,1,,1,,,7,,0.39,1.95,,0.5,,,0.08,,,,,,,,,,,,0.03,,,,,,,,,,
,,,,,,,,,,,,,,,,,,,,,,,,2021-09-05,GP155F,G21_GP155F,,,,,,,,,,,,,,,,,,,,,,,,,,12,221,,9,,1,2021-09-05 18:48:51,,1,1,,1,,1,8,,1.1,3.79,,1.69,,0.04,,,,,,,,,,,,,,,,,,,,,,,
9,,,,,,,,,,,,,,,,,,,,,,,,2021-09-06,GP118F,G21_GP118F,,1,,,,,,,,,,,,,,,,,,,,,,,,3,71,,4,,,2021-09-06 06:20:51,,1,1,,1,,,1,,0.17,2.29,,0.52,,,0.05,,,,,,,,,,,,,,,,,,,,,,
,,,,,,,,,,,,,,,,,,,,,,,,2021-09-06,GP143F,G21_GP143F,,,,,,,,,,,,,,,,,,,,,,,,,,,,,,,,2021-09-06 07:21:41,,,,,,,,2,,,,,,,,,,,,,,,,,,,,,,,,,,,,,,
,,,,,,,,,,,,,,,,,,,,,,,,2021-09-06,GP143A1,G21_GP143A1,,,,,,,,,,,,,,,,,,,,,,,,,,3,93,,2,,1,2021-09-06 08:09:48,,1,1,,1,,1,3,,0.25,1.81,,0.62,,0.03,,,,,,,,,,,,,,,,,,,,,,,
,,,,,,,,,,,,,,,,,,,,,,,,2021-09-06,GP157F,G21_GP157F,,,,,,,,,,,,,,,,,,,,,,,,,,6,231,,14,,2,2021-09-06 09:46:24,,1,1,,1,,1,4,,0.5,7.38,,2.3,,0.03,,,,,,,,,,,,,,,,,,,,,,,
,,,,,,,,,,,,,,,,,,,,,,,,2021-09-06,GP172F,G21_GP172F,,,,,,,,,,,,,,,,,,,,,,,,,,2,5,,,,4,2021-09-06 10:49:18,,1,1,,,,1,5,,0.04,0.26,,,,0.13,,,,,,,,,,,,,,,,,,,,,,,
,,,,,,,,,,,,,,,,,,,,,,,,2021-09-06,GP183F,G21_GP183F,,,,,,,,,,,,,,,,,,,,,,,,,4,6,,,1,,2,2021-09-06 11:53:58,1,1,,,1,,1,6,0.13,0.14,,,0.03,,0.05,,,,,,,,,,,,,,,,,,,,,,,
,,,,,,,,,,,,5,,,,,,,,7,,,,2021-09-06,GP200F,G21_GP200F,,,,,,,,,,,,,,1,,,,,,,,1,,,,5,754,,7,,2,2021-09-06 13:06:53,,1,1,,1,,1,7,,0.52,36.82,,0.88,,0.09,,,,,,,,,,,,,0.24,,,,,,,,0.16,,
,,,,,,,,,2,,,,1,,,,,,,37,,,,2021-09-08,GP291F,G21_GP291F,,,,,,,,,,,1,,,,1,,,,,,,1,,,1,9,5,1,11,,1,2021-09-08 06:33:28,1,1,1,1,1,,1,1,0.24,1.42,0.2,0.2,2.23,,0.05,,,,,,,,,,0.17,,,,0.09,,,,,,,0.82,,
,,,,,,,,,,,,2,,,,,,,,,1,,,2021-09-08,GP275F,G21_GP275F,,,,,,,,,,,,,,1,,,,,,,,,1,,,14,112,,28,,1,2021-09-08 07:21:26,,1,1,,1,,1,2,,2.05,5.78,,4.41,,0.04,,,,,,,,,,,,,0.18,,,,,,,,,0.16,
,,,,,,,,,2,,,1,,,,,,,,,3,,,2021-09-08,GP252F,G21_GP252F,,,,,,,,,,,1,,,1,,,,,,,,,1,,,35,115,,18,,,2021-09-08 08:50:55,,1,1,,1,,,3,,6.26,4.54,,3.16,,,,,,,,,,,,0.22,,,0.09,,,,,,,,,0.9,
,,,,,,,,,,,,,,,,,,,,,,,,2021-09-08,GP279F,G21_GP279F,,,,,,,,,,,,,,,,,,,,,,,,,,,,,,,,2021-09-08 10:02:23,,,,,,,,4,,,,,,,,,,,,,,,,,,,,,,,,,,,,,,
,,,,,,,,,,,,1,,,,,,,,,23,,,2021-09-08,GP279A1,G21_GP279A1,,,,,,,,,,,,,,1,,,,,,,,,1,,,11,7,,12,,,2021-09-08 11:31:16,,1,1,,1,,,5,,1.2,0.4,,1.85,,,,,,,,,,,,,,,0.05,,,,,,,,,8.18,
,,,,,,,,,,,,,4,,,,,,,4,1,,,2021-09-08,GP285F,G21_GP285F,,,,,,,,,,,,,,,1,,,,,,,1,1,,2,57,6,,2,,10,2021-09-08 11:54:13,1,1,1,,1,,1,6,0.22,5.59,0.4,,0.46,,0.66,,,,,,,,,,,,,,0.34,,,,,,,0.04,0.34,
,,,,,,,,,1,,,,1,,,,,,,30,11,,,2021-09-13,GP297F,G21_GP297F,,,,,,,,,,,1,,,,1,,,,,,,1,1,,,20,53,,18,,1,2021-09-13 08:50:59,,1,1,,1,,1,1,,3.81,3.31,,3.82,,0.03,,,,,,,,,,0.07,,,,0.05,,,,,,,0.45,3.29,
,,,,,,,,,,,,,,,,,,,,7,1,,,2021-09-13,GP296F,G21_GP296F,,,,,,,,,,,,,,,,,,,,,,1,1,,,1,8,,31,,,2021-09-13 10:16:37,,1,1,,1,,,2,,0.03,0.32,,11.21,,,,,,,,,,,,,,,,,,,,,,,0.12,0.24,
,,,,,,,,,3,,,,,,,,,,,8,,,,2021-09-13,GP288F,G21_GP288F,,,,,,,,,,,1,,,,,,,,,,,1,,,,2,46,1,8,,2,2021-09-13 11:22:16,,1,1,1,1,,1,3,,0.06,2.43,0.3,1.93,,0.05,,,,,,,,,,0.24,,,,,,,,,,,0.19,,
,,,,,,,,,1,,,,,,,,,,,74,,,,2021-09-13,GP283F,G21_GP283F,,,,,,,,,,,1,,,,,,,,,,,1,,,,,2,,6,,,2021-09-13 13:04:24,,,1,,1,,,4,,,0.15,,0.7,,,,,,,,,,,,0.09,,,,,,,,,,,2.01,,
19,,,,,,,,,,,,,,,,,,,,,3,,,2021-09-13,GP274F,G21_GP274F,,1,,,,,,,,,,,,,,,,,,,,,1,,,15,51,1,13,,,2021-09-13 15:45:28,,1,1,1,1,,,5,,1.61,2.5,0.24,2.57,,,0.11,,,,,,,,,,,,,,,,,,,,,0.6,
,,,,,,,,,,,,,3,,,,,,,1179,,,,2021-09-13,GP272F,G21_GP272F,,,,,,,,,,,,,,,1,,,,,,,1,,,,1,44,,9,,9,2021-09-13 16:14:54,,1,1,,1,,1,6,,0.07,2.31,,2.25,,0.52,,,,,,,,,,,,,,0.27,,,,,,,26.06,,
,,,,,,,,,2,,1,,,,,,,,,1.15,,,,2021-09-13,GP267F,G21_GP267F,,,,,,,,,,,1,,1,,,,,,,,,1,,,,2,33,,22,,6,2021-09-13 17:45:52,,1,1,,1,,1,7,,0.09,2.84,,5.43,,0.29,,,,,,,,,,0.34,,0.29,,,,,,,,,17.93,,
1,,,,,,,,,1,,,,,,,,,,,1,1,,,2021-09-13,GP256F,G21_GP256F,,1,,,,,,,,,1,,,,,,,,,,,1,1,,2,,,,,,12,2021-09-13 18:50:01,1,,,,1,,1,8,0.05,,,,85.94,,0.44,0.01,,,,,,,,,0.01,,,,,,,,,,,0.02,0.07,
,,,,,,,,,7,,,,24,,,,,,,,,,,2021-09-14,GP254F,G21_GP254F,,,,,,,,,,,1,,,,1,,,,,,,,,,2,,,,48,,,2021-09-14 06:36:03,1,,,,1,,,1,0.21,,,,19.23,,,,,,,,,,,,1.92,,,,0.13,,,,,,,,,
64,,,,,,,,,1,,,,,,,,,,,,,,,2021-09-14,GP241F,G21_GP241F,,1,,,,,,,,,1,,,,,,,,,,,,,,,,,,,,13,2021-09-14 07:54:01,,,,,1,,1,2,,,,,2.2,,0.57,0.4,,,,,,,,,0.16,,,,,,,,,,,,,
,236,,,,,,,,,,7,,,,,,,,,,1,,,2021-09-14,GP231F,G21_GP231F,,,1,,,,,,,,,,1,,,,,,,,,,1,,,2,,,,,,2021-09-14 10:39:28,,1,,,,,,3,,0.28,,,,,,,40.44,,,,,,,,,,1.62,,,,,,,,,,0.12,
23,183,,,,,,,,,,,,,,,,,,,,,,,2021-09-14,GP238F,G21_GP238F,,1,1,,,,,,,,,,,,,,,,,,,,,,,5,,,,,,2021-09-14 12:05:29,,1,,,1,,,4,,0.67,,,7.9,,,0.08,52.93,,,,,,,,,,,,,,,,,,,,,
4,,,,,,,,,,,,,1,,,,,,,,,,,2021-09-14,GP262F,G21_GP262F,,1,,,,,,,,,,,,,1,,,,,,,,,,,,,,308,,,2021-09-14 13:14:01,,,,,1,,,5,,,,,5.52,,,0.02,,,,,,,,,,,,,0.02,,,,,,,,,
6,,,,,,,,,,,,,,,,,,,,,,,,2021-09-14,GP264F,G21_GP264F,,1,,,,,,,,,,,,,,,,,,,,,,,,,,1,524,,,2021-09-14 14:44:55,,,,1,1,,,6,,,,0.08,28.12,,,0.04,,,,,,,,,,,,,,,,,,,,,,
11,34,,,,,,,,,,,,,,,,,,,,,,,2021-09-14,GP271F,G21_GP271F,,1,1,,,,,,,,,,,,,,,,,,,,,,,,,,28,,,2021-09-14 15:46:36,,,,,1,,,7,,,,,0.22,,,0.03,13.18,,,,,,,,,,,,,,,,,,,,,
56,,,,,,,,,,,,,1,,,,,,,,,,,2021-09-14,GP270F,G21_GP270F,,1,,,,,,,,,,,,,1,,,,,,,,,,1,,,,481,,,2021-09-14 17:39:32,1,,,,1,,,8,0.1,,,,9.67,,,0.36,,,,,,,,,,,,,0.01,,,,,,,,,
8,,,,,,,,,,,,,1,,,,,,,,,,,2021-09-14,GP266F,G21_GP266F,,1,,,,,,,,,,,,,1,,,,,,,,,,,,,,481,,,2021-09-14 18:52:31,,,,,1,,,9,,,,,13.74,,,0.04,,,,,,,,,,,,,0.04,,,,,,,,,
2,326,,,,,,,,,,32,,,,,,,,,,,,,2021-09-15,GP294F,G21_GP294F,,1,1,,,,,,,,,,1,,,,,,,,,,,,,8,,,,,,2021-09-15 06:38:37,,1,,,,,,1,,1.27,,,,,,0.04,87.88,,,,,,,,,,5.94,,,,,,,,,,,
,,,,,,,,,,,,,,,,,,,,,,,,2021-09-15,GP277F,G21_GP277F,,,,,,,,,,,,,,,,,,,,,,,,,3,,,,502,,,2021-09-15 07:18:38,1,,,,1,,,2,0.24,,,,10.42,,,,,,,,,,,,,,,,,,,,,,,,,
21,,,,,,,,,,,,,,,,,,,,,,,,2021-09-15,GP284F,G21_GP284F,,1,,,,,,,,,,,,,,,,,,,,,,,13,,,1,634,,,2021-09-15 08:40:05,1,,,1,1,,,3,1,,,0.21,13.69,,,0.13,,,,,,,,,,,,,,,,,,,,,,
,,,,,,,,,,,,,,,,,,,,,,,,2021-09-15,GP276F,G21_GP276F,,,,,,,,,,,,,,,,,,,,,,,,,7,,,,1108,,,2021-09-15 09:28:28,1,,,,1,,,4,0.6,,,,24.8,,,,,,,,,,,,,,,,,,,,,,,,,
,,,,,,,,,9,,,,,,,,,,,,,,,2021-09-15,GP280F,G21_GP280F,,,,,,,,,,,1,,,,,,,,,,,,,,40,,,,57,,,2021-09-15 10:44:19,1,,,,1,,,5,3.22,,,,1.86,,,,,,,,,,,,1.43,,,,,,,,,,,,,
,,,,,,,,,,,,,,,,,,,,,,,,2021-09-16,GP175F,G21_GP175F,,,,,,,,,,,,,,,,,,,,,,,,,,,,,,,,2021-09-16 08:17:09,,,,,,,,1,,,,,,,,,,,,,,,,,,,,,,,,,,,,,,
,,,,,,,,,,,,,,,,,,,,35,,,,2021-09-16,GP175A1,G21_GP175A1,,,,,,,,,,,,,,,,,,,,,,1,,,,,51,,3,,1,2021-09-16 12:14:56,,,1,,1,,1,2,,,2.39,,0.23,,0.02,,,,,,,,,,,,,,,,,,,,,0.93,,
14,,,,,,,,,,,,,,,,,,,,1,,,,2021-09-16,GP168F,G21_GP168F,,1,,,,,,,,,,,,,,,,,,,,1,,,,3,1,,6,,6,2021-09-16 13:28:05,,1,1,,1,,1,3,,0.05,0.09,,0.81,,0.27,0.08,,,,,,,,,,,,,,,,,,,,0.03,,
12,,,,,,,,,,,,,1,,,,,,,,,,,2021-09-16,GP178F,G21_GP178F,,1,,,,,,,,,,,,,1,,,,,,,,,,,1,464,,5,,1,2021-09-16 15:00:52,,1,1,,1,,1,4,,0.03,11.98,,1.03,,0.02,0.09,,,,,,,,,,,,,0.03,,,,,,,,,
9,,,,,,,,,,,,,,,,,,,,,,,,2021-09-16,GP193F,G21_GP193F,,1,,,,,,,,,,,,,,,,,,,,,,,,1,243,,7,,1,2021-09-16 16:08:13,,1,1,,1,,1,5,,0.2,4.98,,1.59,,0.01,0.04,,,,,,,,,,,,,,,,,,,,,,
7,,,,,,,,,,,,,,,,,,,,,,,,2021-09-16,GP209F,G21_GP209F,,1,,,,,,,,,,,,,,,,,,,,,,,,2,134,,11,,1,2021-09-16 17:05:42,,1,1,,1,,1,6,,0.06,4.95,,2.24,,0.02,0.04,,,,,,,,,,,,,,,,,,,,,,
,,,,,,,,,,,,,,,,,,,,,,,,2021-09-16,GP204F,G21_GP204F,,,,,,,,,,,,,,,,,,,,,,,,,,,,,,,,2021-09-16 17:58:17,,,,,,,,7,,,,,,,,,,,,,,,,,,,,,,,,,,,,,,
58,,,,,,,,,,,,,,,,,,,,,,,,2021-09-16,GP204A1,G21_GP204A1,,1,,,,,,,,,,,,,,,,,,,,,,,,5,138,,1,,,2021-09-16 19:27:49,,1,1,,1,,,8,,0.23,3.64,,0.23,,,0.32,,,,,,,,,,,,,,,,,,,,,,
,,,,,,,,,,,,,,,,,,,,,,,,2021-09-17,GP217F,G21_GP217F,,,,,,,,,,,,,,,,,,,,,,,,,,2,24,,93,,,2021-09-17 06:02:11,,1,1,,1,,,1,,0.04,1.39,,16.8,,,,,,,,,,,,,,,,,,,,,,,,,
,,,,,,,,,,,,1,1,,,,,,,,,,,2021-09-17,GP218F,G21_GP218F,,,,,,,,,,,,,,1,1,,,,,,,,,,,2,71,,26,,2,2021-09-17 07:14:18,,1,1,,1,,1,2,,0.05,4.73,,3.16,,0.08,,,,,,,,,,,,,0.04,0.02,,,,,,,,,
,,,,,,,,,,,,,,,,,,,,,,,,2021-09-17,GP236F,G21_GP236F,,,,,,,,,,,,,,,,,,,,,,,,,,,,,,,,2021-09-17 08:04:30,,,,,,,,3,,,,,,,,,,,,,,,,,,,,,,,,,,,,,,
,,,,,,,,,,,,1,,,,,,,,,,,,2021-09-17,GP236A1,G21_GP236A1,,,,,,,,,,,,,,1,,,,,,,,,,,,13,51,,7,,,2021-09-17 09:07:19,,1,1,,1,,,4,,1.36,1.49,,1.67,,,,,,,,,,,,,,,0.04,,,,,,,,,,
6,,,,,,,,,1,,,,,,,,,,,,,,,2021-09-17,GP223F,G21_GP223F,,1,,,,,,,,,1,,,,,,,,,,,,,,,1,64,,4,,,2021-09-17 10:18:36,,1,1,,1,,,5,,0.24,3.04,,0.5,,,0.03,,,,,,,,,0.11,,,,,,,,,,,,,
,,,,,,,,,1,,,,,,,,,,,,,,,2021-09-17,GP247F,G21_GP247F,,,,,,,,,,,1,,,,,,,,,,,,,,,5,112,,,,,2021-09-17 11:49:44,,1,1,,,,,6,,0.75,6.37,,,,,,,,,,,,,,0.07,,,,,,,,,,,,,
6,,,,,,,,,,,,1,,,,,,,,,,,,2021-09-17,GP258F,G21_GP258F,,1,,,,,,,,,,,,1,,,,,,,,,,,,17,208,,1,,,2021-09-17 12:57:10,,1,1,,1,,,7,,2.27,6.24,,0.17,,,0.02,,,,,,,,,,,,0.09,,,,,,,,,,
,,,,,,,,,,,,,,,,,,,,,,,,2021-09-17,GP281F,G21_GP281F,,,,,,,,,,,,,,,,,,,,,,,,,,6,266,,,,,2021-09-17 13:52:03,,1,1,,,,,8,,1.23,13.19,,,,,,,,,,,,,,,,,,,,,,,,,,,
,,,,,,,,,,,,,,,,,,,,,2,,,2021-09-17,GP278F,G21_GP278F,,,,,,,,,,,,,,,,,,,,,,,1,,,25,20,,4,,,2021-09-17 14:48:35,,1,1,,1,,,9,,3.69,0.77,,1.04,,,,,,,,,,,,,,,,,,,,,,,,0.95,
22,,,,,,,,,,,,,,,,,,,,,4,,,2021-09-18,GP301F,G21_GP301F,,1,,,,,,,,,,,,,,,,,,,,,1,,,3,76,2,27,,,2021-09-18 06:18:54,,1,1,1,1,,,1,,0.18,1.65,0.58,5.21,,,0.13,,,,,,,,,,,,,,,,,,,,,2.08,
9,,,,,,,,,,,,,,,,,,,,,,,,2021-09-18,GP289F,G21_GP289F,,1,,,,,,,,,,,,,,,,,,,,,,,9,1,,,94,,,2021-09-18 07:16:33,1,1,,,1,,,2,0.72,0.01,,,3.04,,,0.06,,,,,,,,,,,,,,,,,,,,,,
64,,,,,,,,,,,,,,,,,,,,,,,,2021-09-18,GP298F,G21_GP298F,,1,,,,,,,,,,,,,,,,,,,,,,,,,57,2,8,,2,2021-09-18 08:27:00,,,1,1,1,,1,3,,,1.81,0.5,0.65,,0.08,0.28,,,,,,,,,,,,,,,,,,,,,,
6,,,,,,,,,,,,,,,,,,,,,,,,2021-09-18,GP292F,G21_GP292F,,1,,,,,,,,,,,,,,,,,,,,,,,2,1,3,2,33,,8,2021-09-18 09:46:11,1,1,1,1,1,,1,4,0.14,0.02,0.12,0.5,0.68,,0.14,0.04,,,,,,,,,,,,,,,,,,,,,,
,,,,,,,,,1,,,,,,,,,,,67,,,,2021-09-18,GP286F,G21_GP286F,,,,,,,,,,,1,,,,,,,,,,,1,,,2,17,1,,4,,2,2021-09-18 10:36:58,1,1,1,,1,,1,5,0.11,0.34,0.11,,1.37,,0.14,,,,,,,,,,0.11,,,,,,,,,,,1.44,,
19,,,,,,,,,,,,,,,,,,,,59,,,,2021-09-18,GP299F,G21_GP299F,,1,,,,,,,,,,,,,,,,,,,,1,,,4,7,2,3,23,,2,2021-09-18 11:49:47,1,1,1,1,1,,1,6,0.19,0.18,0.2,0.69,6.54,,0.04,0.11,,,,,,,,,,,,,,,,,,,,1.28,,
,,,,,,,,,,,,1,,,,,,,,34,,,,2021-09-18,GP302F,G21_GP302F,,,,,,,,,,,,,,1,,,,,,,,1,,,1,3,,,58,,,2021-09-18 13:18:29,1,1,,,1,,,7,0.03,0.26,,,11.07,,,,,,,,,,,,,,,0.09,,,,,,,,0.73,,
5,,,,,,,,,,,,,,,,,,,,91,,,,2021-09-18,GP304F,G21_GP304F,,1,,,,,,,,,,,,,,,,,,,,1,,,,4,,,18,,2,2021-09-18 14:20:57,,1,,,1,,1,8,,0.08,,,4.4,,0.11,0.02,,,,,,,,,,,,,,,,,,,,1.83,,
,,,,,,,,,,,,,,,,,,,,3,,,,2021-09-18,GP305F,G21_GP305F,,,,,,,,,,,,,,,,,,,,,,1,,,1,1,16,1,24,,5,2021-09-18 15:10:46,1,1,1,1,1,,1,9,0.06,0.02,1.29,0.23,3.17,,0.13,,,,,,,,,,,,,,,,,,,,,0.06,,
,,,,,,,,,,,,1,,,,,,,,,,,,2021-09-18,GP306F,G21_GP306F,,,,,,,,,,,,,,1,,,,,,,,,,,,1,143,,38,,2,2021-09-18 17:19:28,,1,1,,1,,1,10,,0.01,6.89,,8.36,,0.03,,,,,,,,,,,,,0.05,,,,,,,,,,
,,,,,,,,,,,,,,,,,,,,,1,,,2021-09-18,GP319F,G21_GP319F,,,,,,,,,,,,,,,,,,,,,,,1,,,2,18,,8,,,2021-09-18 18:22:59,,1,1,,1,,,11,,0.09,1.02,,1.51,,,,,,,,,,,,,,,,,,,,,,,,0.2,
,,,,,,,,,,,,,,,,,,,,4,,,,2021-09-20,GP330F,G21_GP330F,,,,,,,,,,,,,,,,,,,,,,1,,,,16,83,,30,,1,2021-09-20 12:04:46,,1,1,,1,,1,1,,0.8,2.83,,3.22,,0.05,,,,,,,,,,,,,,,,,,,,,0.15,,
,,,,,,,,,,,,,,,,,,,,,,,,2021-09-20,GP336F,G21_GP336F,,,,,,,,,,,,,,,,,,,,,,,,,,7,2,,5,,7,2021-09-20 13:52:49,,1,1,,1,,1,2,,0.1,0.2,,0.28,,0.12,,,,,,,,,,,,,,,,,,,,,,,
,,,,,,,,,,,,,,,,,1,,,,,,,2021-09-20,GP340F,G21_GP340F,,,,,,,,,,,,,,,,,,,1,,,,,,,11,,,6,,15,2021-09-20 16:12:33,,1,,,1,,1,3,,0.12,,,0.15,,0.28,,,,,,,,,,,,,,,,,,0.02,,,,,
,,,,,,,,,,,,,,,,,,,,,,,,2021-09-20,GP339F,G21_GP339F,,,,,,,,,,,,,,,,,,,,,,,,,,,5,,2,,,2021-09-20 17:32:27,,,1,,1,,,4,,,0.4,,0.63,,,,,,,,,,,,,,,,,,,,,,,,,
,,,,,,,,,,,,,,,,,,,,7,,,,2021-09-20,GP343F,G21_GP343F,,,,,,,,,,,,,,,,,,,,,,1,,,,,2,,96,,,2021-09-20 18:31:23,,,,,1,,,5,,,0.13,,23.98,,,,,,,,,,,,,,,,,,,,,,,0.11,,
,,,,,,,,,,,,,,,,,,,,55,,,,2021-09-21,GP349F,G21_GP349F,,,,,,,,,,,,,,,,,,,,,,1,,,,3,1,,4,,1,2021-09-21 05:36:49,,1,,,1,,1,1,,1.66,0.18,,0.48,,0.02,,,,,,,,,,,,,,,,,,,,,0.94,,
,,,,,,,,,,,,,,,,,,,,7,,,,2021-09-21,GP355F,G21_GP355F,,,,,,,,,,,,,,,,,,,,,,1,,,,27,,,8,,,2021-09-21 07:43:01,,1,,,1,,,2,,4.02,,,0.95,,,,,,,,,,,,,,,,,,,,,,,0.17,,
,,,,,,,,,,,,,,,,,,,,,,,,2021-09-21,GP348F,G21_GP348F,,,,,,,,,,,,,,,,,,,,,,,,,,4,,,7,,,2021-09-21 08:59:59,,1,,,1,,,3,,1.56,,,0.32,,,,,,,,,,,,,,,,,,,,,,,,,
,,,,,,,,,,,,,,,,,,,,5,,,,2021-09-21,GP347F,G21_GP347F,,,,,,,,,,,,,,,,,,,,,,1,,,,,7,,9,,,2021-09-21 11:11:09,,,1,,1,,,4,,,0.42,,1.47,,,,,,,,,,,,,,,,,,,,,,,0.04,,
,,,,,,,,,,,,9,,,,,,,,1,,,,2021-09-21,GP345F,G21_GP345F,,,,,,,,,,,,,,1,,,,,,,,1,,,,8,22,,10,,,2021-09-21 12:34:10,,1,1,,1,,,5,,1.64,1.6,,0.8,,,,,,,,,,,,,,,0.9,,,,,,,,0.01,,
,,,,,,,,,,,,,,,,,,,,,,,,2021-09-21,GP337F,G21_GP337F,,,,,,,,,,,,,,,,,,,,,,,,,,1,27,,7,,,2021-09-21 13:45:41,,1,1,,1,,,6,,0.29,1.05,,0.72,,,,,,,,,,,,,,,,,,,,,,,,,
,,,,,,,,,,,,1,,,,,,,,84,,,,2021-09-21,GP338F,G21_GP338F,,,,,,,,,,,,,,1,,,,,,,,1,,,,3,2,1,4,,,2021-09-21 15:08:53,,1,1,1,1,,,7,,0.32,0.18,0.27,0.56,,,,,,,,,,,,,,,0.11,,,,,,,,1.12,,
,,,,,,,,,,,,,,,,,,,,33,,,,2021-09-21,GP328F,G21_GP328F,,,,,,,,,,,,,,,,,,,,,,1,,,,3,,,1,,1,2021-09-21 16:45:39,,1,,,1,,1,8,,0.79,,,0.12,,0.03,,,,,,,,,,,,,,,,,,,,,0.53,,
,,,,,,,,,,,,,,,,,,,,4,,,,2021-09-21,GP321F,G21_GP321F,,,,,,,,,,,,,,,,,,,,,,1,,,,2,3,,,,,2021-09-21 17:33:01,,1,1,,,,,9,,0.42,0.18,,,,,,,,,,,,,,,,,,,,,,,,,0.08,,
,,,,,,,,,,,,,,,,,,,,5,,,,2021-09-21,GP314F,G21_GP314F,,,,,,,,,,,,,,,,,,,,,,1,,,,1,2,1,,,,2021-09-21 18:55:02,,1,1,1,,,,10,,0.24,0.06,0.08,,,,,,,,,,,,,,,,,,,,,,,,0.12,,
,,,,,,,,,,,,,,,,,,,,,,,,2021-09-22,GP318F,G21_GP318F,,,,,,,,,,,,,,,,,,,,,,,,,,,14,,5,,3,2021-09-22 06:44:17,,,1,,1,,1,1,,,0.8,,0.64,,0.16,,,,,,,,,,,,,,,,,,,,,,,
,,,,,,,,,,,,,,,,,,,,,,,,2021-09-22,GP309F,G21_GP309F,,,,,,,,,,,,,,,,,,,,,,,,,,1,,,15,,,2021-09-22 07:30:24,,1,,,1,,,2,,0.03,,,3.47,,,,,,,,,,,,,,,,,,,,,,,,,
,,,,,,,,,,,,,,,,,,,,,,,,2021-09-22,GP322F,G21_GP322F,,,,,,,,,,,,,,,,,,,,,,,,,,5,27,5,6,,3,2021-09-22 08:26:53,,1,1,1,1,,1,3,,0.1,1.74,1.14,0.42,,0.04,,,,,,,,,,,,,,,,,,,,,,,
,,,,,,,,,,,,,,,,,,,,,,,,2021-09-22,GP327F,G21_GP327F,,,,,,,,,,,,,,,,,,,,,,,,,,4,,2,12,,9,2021-09-22 10:03:06,,1,,1,1,,1,4,,0.09,,0.38,0.13,,0.18,,,,,,,,,,,,,,,,,,,,,,,
,,,,,,,,,,,,,,,,,,,,,,,,2021-09-22,GP332F,G21_GP332F,,,,,,,,,,,,,,,,,,,,,,,,,,,,1,53,,11,2021-09-22 10:58:12,,,,1,1,,1,5,,,,0.29,0.38,,0.3,,,,,,,,,,,,,,,,,,,,,,,
,,,,,,,,,,,,,,,,,,,,,,,,2021-09-22,GP317F,G21_GP317F,,,,,,,,,,,,,,,,,,,,,,,,,,,1,,5,,,2021-09-22 11:52:39,,,1,,1,,,6,,,0.09,,0.37,,,,,,,,,,,,,,,,,,,,,,,,,
,,,,,,,,,1,,,,,,,,,,,2,,,,2021-09-22,GP307F,G21_GP307F,,,,,,,,,,,1,,,,,,,,,,,1,,,,1,32,,3,,4,2021-09-22 13:01:38,,1,1,,1,,1,7,,0.23,1.32,,0.52,,0.06,,,,,,,,,,0.03,,,,,,,,,,,0.05,,
,,,,,,,,,1,,,,,,,,,,,,,,,2021-09-22,GP311F,G21_GP311F,,,,,,,,,,,1,,,,,,,,,,,,,,,,1,,11,,4,2021-09-22 14:24:46,,,1,,1,,1,8,,,0.05,,2.71,,0.09,,,,,,,,,,0.08,,,,,,,,,,,,,
,,,,,,,,,,,,,,,,,,,,,,,,2021-09-22,GP329F,G21_GP329F,,,,,,,,,,,,,,,,,,,,,,,,,,,25,,1,,,2021-09-22 15:18:12,,,1,,1,,,9,,,0.79,,0.11,,,,,,,,,,,,,,,,,,,,,,,,,
,,,,,,,,,,,,,,,,,,,,,,,,2021-09-22,GP333F,G21_GP333F,,,,,,,,,,,,,,,,,,,,,,,,,,,106,,5,,,2021-09-22 16:54:18,,,1,,1,,,10,,,3.54,,0.15,,,,,,,,,,,,,,,,,,,,,,,,,
,,,,,,,,,,,,,,,,,,,,19,,,,2021-09-22,GP308F,G21_GP308F,,,,,,,,,,,,,,,,,,,,,,1,,,,5,,1,,,,2021-09-22 18:11:04,,1,,1,,,,11,,0.99,,0.16,,,,,,,,,,,,,,,,,,,,,,,,0.26,,
,,,,,,,,,,,,,,,,,,,,35,,,,2021-09-22,GP310F,G21_GP310F,,,,,,,,,,,,,,,,,,,,,,1,,,,6,1,,,,,2021-09-22 20:06:15,,1,1,,,,,12,,1.19,0.08,,,,,,,,,,,,,,,,,,,,,,,,,0.64,,