C1200,C1224,C1510,C1600,C1810,C1823,C1827,C1930,C2893,C3100,C3200,C3700,C4200,C8113,C8200,C8300,C8324,C8500,C9200,C9300,C9302,C9303,C9304,C9400,C9630,class_data,DATE,GPnum,GPnum_wt_year,Location,P1200,P1224,P1510,P1600,P1810,P1823,P1827,P1930,P2893,P3100,P3200,P3700,P4200,P8113,P8200,P8300,P8324,P8500,P9200,P9300,P9302,P9303,P9304,P9400,P9630,TCseapen,TCsponge,TCsponge2,timestamp,TPseapen,TPsponge,TPsponge2,TRAWLNUM,TWseapen,TWsponge,TWsponge2,W1200,W1224,W1510,W1600,W1810,W1823,W1827,W1930,W2893,W3100,W3200,W3700,W4200,W8113,W8200,W8300,W8324,W8500,W9200,W9300,W9302,W9303,W9304,W9400,W9630
,,,,,,,,,,,,,,,,,1,,,,,,,,,2021-07-17,GP354F,G21_GP354F,,,,,,,,,,,,,,,,,,,1,,,,,,,,,1,,2021-07-17 04:33:32,,1,,1,,1.62,,,,,,,,,,,,,,,,,,,0.52,,,,,,,
,,,,,,,,,,,,,,,,,,,,,,,,,,2021-07-17,GP351F,G21_GP351F,,,,,,,,,,,,,,,,,,,,,,,,,,,,,,2021-07-17 05:51:58,,,,2,,,,,,,,,,,,,,,,,,,,,,,,,,,,
,,,,,,,,,,,,,,,13,,,,,,,,,,,2021-07-17,GP353F,G21_GP353F,,,,,,,,,,,,,,,,,1,,,,,,,,,,,,,2021-07-17 06:57:35,,,,3,,,,,,,,,,,,,,,,,,,0.65,,,,,,,,,
,,,,,,,,,,,,,,,,,,,,,,,,,,2021-07-17,GP352F,G21_GP352F,,,,,,,,,,,,,,,,,,,,,,,,,,,,,,2021-07-17 08:55:10,,,,4,,,,,,,,,,,,,,,,,,,,,,,,,,,,
,,,,,,,,,,,,,,,,,,,,,,,,,,2021-07-17,GP350F,G21_GP350F,,,,,,,,,,,,,,,,,,,,,,,,,,,,2,,2021-07-17 10:10:21,,1,,5,,0.31,,,,,,,,,,,,,,,,,,,,,,,,,,
,,,,,,,,,,,,,,,,,1,,,,,,,,,2021-07-17,GP346F,G21_GP346F,,,,,,,,,,,,,,,,,,,1,,,,,,,,,,,2021-07-17 11:15:14,,,,6,,,,,,,,,,,,,,,,,,,,,0.37,,,,,,,
,,,,,,,,,,,,,,,,,4,,,,,,,,,2021-07-17,GP342F,G21_GP342F,,,,,,,,,,,,,,,,,,,1,,,,,,,,,,,2021-07-17 12:29:57,,,,7,,,,,,,,,,,,,,,,,,,,,2.57,,,,,,,
,,,,,1,4,,,,,,,,,,,1,,,,,,,,,2021-07-17,GP334F,G21_GP334F,,,,,,,1,1,,,,,,,,,,,1,,,,,,,,,,,2021-07-17 13:48:09,,,,8,,,,,,,,,0.22,0.48,,,,,,,,,,,0.25,,,,,,,
,,1,,,,,,,,,,,,,,,,,,,,,,,,2021-07-17,GP323F,G21_GP323F,,,,1,,,,,,,,,,,,,,,,,,,,,,,,,,2021-07-17 15:23:52,,,,9,,,,,,0.1,,,,,,,,,,,,,,,,,,,,,,
,,,,,,,,,,,,,,,,,3,,,,,,,,,2021-07-17,GP325F,G21_GP325F,,,,,,,,,,,,,,,,,,,1,,,,,,,,,,,2021-07-17 16:17:51,,,,10,,,,,,,,,,,,,,,,,,,,,1.72,,,,,,,
,,,,,,,,,,,,,,,,2,2,,,,,,,,,2021-07-17,GP335F,G21_GP335F,,,,,,,,,,,,,,,,,,1,1,,,,,,,,,,,2021-07-17 17:43:25,,,,11,,,,,,,,,,,,,,,,,,,,0.02,1.71,,,,,,,
,,,,,,,,,,,,,,,,,,,,,,,,,,2021-07-17,GP344F,G21_GP344F,,,,,,,,,,,,,,,,,,,,,,,,,,,,,,2021-07-17 18:39:07,,,,12,,,,,,,,,,,,,,,,,,,,,,,,,,,,
,,,,,,,,,,,,,,,1,,1,,,,,,,,,2021-07-17,GP341F,G21_GP341F,,,,,,,,,,,,,,,,,1,,1,,,,,,,,,,,2021-07-17 19:55:04,,,,13,,,,,,,,,,,,,,,,,,,0.1,,0.32,,,,,,,
,,,,,,,,,,,,,,,,,1,,,,,,,,,2021-07-18,GP331F,G21_GP331F,,,,,,,,,,,,,,,,,,,1,,,,,,,,,,,2021-07-18 05:00:32,,,,1,,,,,,,,,,,,,,,,,,,,,1.43,,,,,,,
,,,,,,,,,,,,,,,,,3,,,,,,,,,2021-07-18,GP326F,G21_GP326F,,,,,,,,,,,,,,,,,,,1,,,,,,,,,,,2021-07-18 05:47:53,,,,2,,,,,,,,,,,,,,,,,,,,,3.65,,,,,,,
,,,,,,,,,,,,,,,,,,,,,,,,,,2021-07-18,GP315F,G21_GP315F,,,,,,,,,,,,,,,,,,,,,,,,,,,,,,2021-07-18 06:36:29,,,,3,,,,,,,,,,,,,,,,,,,,,,,,,,,,
,,,,,17,,,,,,,,,,,,1,,,,,,,,,2021-07-18,GP315A1,G21_GP315A1,,,,,,,1,,,,,,,,,,,,1,,,,,,,,,3,,2021-07-18 07:41:01,,1,,4,,0.26,,,,,,,2.05,,,,,,,,,,,,1.16,,,,,,,
,,,,,,,,,,,,,,,,,,,,,,,,,,2021-07-18,GP324F,G21_GP324F,,,,,,,,,,,,,,,,,,,,,,,,,,,,,,2021-07-18 08:44:38,,,,5,,,,,,,,,,,,,,,,,,,,,,,,,,,,
,,,,,,,,,,,,,,,,,,,,,,,,,,2021-07-18,GP324Fr,G21_GP324FR,,,,,,,,,,,,,,,,,,,,,,,,,,,,,,2021-07-18 09:34:45,,,,6,,,,,,,,,,,,,,,,,,,,,,,,,,,,
,,,,,,,,,,,,,,,,,1,,,,,,,,,2021-07-18,GP324A1,G21_GP324A1,,,,,,,,,,,,,,,,,,,1,,,,,,,,,,,2021-07-18 10:16:09,,,,7,,,,,,,,,,,,,,,,,,,,,0.81,,,,,,,
,,,,,,,,,,,,,,,2,,,,,,,,,,,2021-07-18,GP320F,G21_GP320F,,,,,,,,,,,,,,,,,1,,,,,,,,,,1,,,2021-07-18 11:12:52,1,,,8,5.89,,,,,,,,,,,,,,,,,,0.09,,,,,,,,,
,,,,,,,,,,,,,,,618,,,,,,,,,,,2021-07-18,GP312F,G21_GP312F,,,,,,,,,,,,,,,,,1,,,,,,,,,,,,,2021-07-18 13:43:16,,,,9,,,,,,,,,,,,,,,,,,,7.88,,,,,,,,,
,,,,,,,,,,,,,,,,,1,,,,,,,,,2021-07-18,GP313F,G21_GP313F,,,,,,,,,,,,,,,,,,,1,,,,,,,,,,,2021-07-18 15:29:55,,,,10,,,,,,,,,,,,,,,,,,,,,0.66,,,,,,,
,,,,,,,,,,,,,,,,,,,,,,,,,,2021-07-18,GP300F,G21_GP300F,,,,,,,,,,,,,,,,,,,,,,,,,,,,,,2021-07-18 16:47:48,,,,11,,,,,,,,,,,,,,,,,,,,,,,,,,,,
,,,,,,,,,,,,,,,,,,,,,,,,,,2021-07-18,GP300A1,G21_GP300A1,,,,,,,,,,,,,,,,,,,,,,,,,,,,,,2021-07-18 18:32:26,,,,12,,,,,,,,,,,,,,,,,,,,,,,,,,,,
,,,,,42,,,,,,,,,,,,,,,,,,,,,2021-07-19,GP303F,G21_GP303F,,,,,,,1,,,,,,,,,,,,,,,,,,,,,,,2021-07-19 05:08:59,,,,1,,,,,,,,,2.19,,,,,,,,,,,,,,,,,,,
,,,,,18,,,,,,,,,,,,,,,,,,,,,2021-07-19,GP287F,G21_GP287F,,,,,,,1,,,,,,,,,,,,,,,,,,,,,1,,2021-07-19 05:51:53,,1,,2,,0.17,,,,,,,0.68,,,,,,,,,,,,,,,,,,,
,,,,,4,,,,,,,,,,,,1,,,,,,,,,2021-07-19,GP290F,G21_GP290F,,,,,,,1,,,,,,,,,,,,1,,,,,,,,,,,2021-07-19 06:37:00,,,,3,,,,,,,,,0.78,,,,,,,,,,,,0.74,,,,,,,
,,,,,,,,,,,,,,,,,,,,,,,,,,2021-07-19,GP295F,G21_GP295F,,,,,,,,,,,,,,,,,,,,,,,,,,,,,,2021-07-19 07:29:14,,,,4,,,,,,,,,,,,,,,,,,,,,,,,,,,,
,,,,,,,,,,,,,,,2,,,,,,,,,,,2021-07-19,GP316F,G21_GP316F,,,,,,,,,,,,,,,,,1,,,,,,,,,,,,,2021-07-19 08:14:35,,,,5,,,,,,,,,,,,,,,,,,,0.21,,,,,,,,,
,,,,,,,,,,,,,,,22,,,,,,,,,,,2021-07-19,GP293F,G21_GP293F,,,,,,,,,,,,,,,,,1,,,,,,,,,,1,,,2021-07-19 10:10:11,1,,,6,0.11,,,,,,,,,,,,,,,,,,1.76,,,,,,,,,
,,,,,,,,,,1,,,,,22,,,,,,,,,,,2021-07-19,GP282F,G21_GP282F,,,,,,,,,,,,1,,,,,1,,,,,,,,,,,,,2021-07-19 11:46:59,,,,7,,,,,,,,,,,,,,0.01,,,,,2.38,,,,,,,,,
,,,,,,,,,,,,,,,,,,,,,,,,,,2021-07-19,GP273F,G21_GP273F,,,,,,,,,,,,,,,,,,,,,,,,,,,,1,,2021-07-19 13:52:51,,1,,8,,0.09,,,,,,,,,,,,,,,,,,,,,,,,,,
,,,,,,,,,,,,,,,19,,,,,,,,,,,2021-07-19,GP260F,G21_GP260F,,,,,,,,,,,,,,,,,1,,,,,,,,,,,7,,2021-07-19 15:20:44,,1,,9,,2.12,,,,,,,,,,,,,,,,,3.9,,,,,,,,,
,,,,,,,,,,,,,,,18,,,,,,,,,,,2021-07-19,GP269F,G21_GP269F,,,,,,,,,,,,,,,,,1,,,,,,,,,,1,,,2021-07-19 17:53:04,1,,,10,2.4,,,,,,,,,,,,,,,,,,1.54,,,,,,,,,
,,,,,,,,,,,,,,,20,,,,,,,,,,,2021-07-19,GP251F,G21_GP251F,,,,,,,,,,,,,,,,,1,,,,,,,,,,,3,,2021-07-19 19:13:21,,1,,11,,0.89,,,,,,,,,,,,,,,,,6.27,,,,,,,,,
,,,,,,,,,,,,,,,1634,,,,,,,,,,,2021-07-20,GP250F,G21_GP250F,,,,,,,,,,,,,,,,,1,,,,,,,,,,,,,2021-07-20 05:34:21,,,,1,,,,,,,,,,,,,,,,,,,122.87,,,,,,,,,
,,,,,,,,,,,,,,,1,,,,,,,,,,,2021-07-20,GP235F,G21_GP235F,,,,,,,,,,,,,,,,,1,,,,,,,,,,1,1,,2021-07-20 06:43:28,1,1,,2,5.41,0.42,,,,,,,,,,,,,,,,,0.08,,,,,,,,,
,,,,,,,,,,,,,,,,,,,,,,,,,,2021-07-20,GP237F,G21_GP237F,,,,,,,,,,,,,,,,,,,,,,,,,,,,,,2021-07-20 09:05:01,,,,3,,,,,,,,,,,,,,,,,,,,,,,,,,,,
,,,,,,,,,,,,,,,,,,,,,,,,,,2021-07-20,GP237A1,G21_GP237A1,,,,,,,,,,,,,,,,,,,,,,,,,,,,,,2021-07-20 10:09:29,,,,4,,,,,,,,,,,,,,,,,,,,,,,,,,,,
,,,,,,,,,,,,,,,,,,,,,,,,,,2021-07-20,GP237A2,G21_GP237A2,,,,,,,,,,,,,,,,,,,,,,,,,,,,,,2021-07-20 11:48:32,,,,5,,,,,,,,,,,,,,,,,,,,,,,,,,,,
,,,,,,,,,,,,,,,,,,,,,,,,,,2021-07-20,GP237A3,G21_GP237A3,,,,,,,,,,,,,,,,,,,,,,,,,,,,,,2021-07-20 13:41:57,,,,6,,,,,,,,,,,,,,,,,,,,,,,,,,,,
,,,,,,,,,,,,,,,,,,,,,,,,,,2021-07-20,GP207F,G21_GP207F,,,,,,,,,,,,,,,,,,,,,,,,,,,,,,2021-07-20 15:16:25,,,,7,,,,,,,,,,,,,,,,,,,,,,,,,,,,
,,,,,9,,,,,,,,,,,,1,,,,,,,,,2021-07-20,GP207A1,G21_GP207A1,,,,,,,1,,,,,,,,,,,,1,,,,,,,,,1,,2021-07-20 16:23:37,,1,,8,,4.15,,,,,,,1.16,,,,,,,,,,,,0.43,,,,,,,
,,,,,,,,,,,,,,,2,,,,,,,,,,,2021-07-20,GP208F,G21_GP208F,,,,,,,,,,,,,,,,,1,,,,,,,,,,,,,2021-07-20 17:32:45,,,,9,,,,,,,,,,,,,,,,,,,0.33,,,,,,,,,
,,,,,,,,,,,,,,,3,,,,,,,,,,,2021-07-21,GP156F,G21_GP156F,,,,,,,,,,,,,,,,,1,,,,,,,,,,1,,,2021-07-21 05:21:28,1,,,1,2.04,,,,,,,,,,,,,,,,,,0.23,,,,,,,,,
,,,,,,,,,,,,,,,102,,,,,,,,,,,2021-07-21,GP134F,G21_GP134F,,,,,,,,,,,,,,,,,1,,,,,,,,,,,2,,2021-07-21 06:49:43,,1,,2,,0.14,,,,,,,,,,,,,,,,,12.18,,,,,,,,,
,,,,,,,,,,,,,,,95,,,,,,,,,,,2021-07-21,GP139F,G21_GP139F,,,,,,,,,,,,,,,,,1,,,,,,,,,,,,,2021-07-21 09:36:14,,,,3,,,,,,,,,,,,,,,,,,,13.02,,,,,,,,,
,,,,,,,,,,,,,,,29,,,,,,,,,,,2021-07-21,GP121F,G21_GP121F,,,,,,,,,,,,,,,,,1,,,,,,,,,,,,,2021-07-21 10:56:50,,,,4,,,,,,,,,,,,,,,,,,,1.83,,,,,,,,,
,,,,,,,,,,,,,,,13,,,,,,,,,,,2021-07-21,GP142F,G21_GP142F,,,,,,,,,,,,,,,,,1,,,,,,,,,,1,4,,2021-07-21 12:57:36,1,1,,5,1.19,0.48,,,,,,,,,,,,,,,,,1.38,,,,,,,,,
,,,,,,,,,,,,,,,106,,,,,,,,,,,2021-07-21,GP122F,G21_GP122F,,,,,,,,,,,,,,,,,1,,,,,,,,,,1,1,,2021-07-21 15:30:23,1,1,,6,17.87,0.2,,,,,,,,,,,,,,,,,11.8,,,,,,,,,
,,,,,,,,,,,,,,,147,,,,,,,,,,,2021-07-21,GP109F,G21_GP109F,,,,,,,,,,,,,,,,,1,,,,,,,,,,,,,2021-07-21 17:09:12,,,,7,,,,,,,,,,,,,,,,,,,18.45,,,,,,,,,
,,,,,,,,,,,,,,,19,,,,,,,,,,,2021-07-21,GP120F,G21_GP120F,,,,,,,,,,,,,,,,,1,,,,,,,,,,,,,2021-07-21 18:52:38,,,,8,,,,,,,,,,,,,,,,,,,1.07,,,,,,,,,
,8,,,,,,,,,,,,,,17,,,,,,,,,,,2021-07-22,GP098F,G21_GP098F,,,1,,,,,,,,,,,,,,1,,,,,,,,,,1,,,2021-07-22 06:24:47,1,,,1,0.64,,,,0.06,,,,,,,,,,,,,,0.92,,,,,,,,,
,18,,,,,,,,,,,,,,216,,1,,,,,,,,,2021-07-22,GP081F,G21_GP081F,,,1,,,,,,,,,,,,,,1,,1,,,,,,,,,,,2021-07-22 06:56:42,,,,2,,,,,0.08,,,,,,,,,,,,,,19.26,,0.45,,,,,,,
,,,,,,,,,,,,,,,24,,,,,,,,,,,2021-07-22,GP085F,G21_GP085F,,,,,,,,,,,,,,,,,1,,,,,,,,,,,,,2021-07-22 08:37:59,,,,3,,,,,,,,,,,,,,,,,,,3.28,,,,,,,,,
,,,,,,,,,,,,,,,,,,,,,,,,,,2021-07-22,GP072F,G21_GP072F,,,,,,,,,,,,,,,,,,,,,,,,,,,,1,,2021-07-22 10:32:53,,1,,4,,0.21,,,,,,,,,,,,,,,,,,,,,,,,,,
,,,,,,,,,,,,,,,,,,,,,,,,,,2021-07-22,GP078F,G21_GP078F,,,,,,,,,,,,,,,,,,,,,,,,,,,,1,,2021-07-22 11:43:46,,1,,5,,0.02,,,,,,,,,,,,,,,,,,,,,,,,,,
,,,,,,,,,,,,,,,,,,,,,,,,,,2021-07-22,GP107F,G21_GP107F,,,,,,,,,,,,,,,,,,,,,,,,,,,,3,,2021-07-22 13:55:42,,1,,6,,0.38,,,,,,,,,,,,,,,,,,,,,,,,,,
,,,,,,,,,,,,,,,,,,,,,,,,,,2021-07-22,GP083F,G21_GP083F,,,,,,,,,,,,,,,,,,,,,,,,,,,,,,2021-07-22 14:58:01,,,,7,,,,,,,,,,,,,,,,,,,,,,,,,,,,
,,,,,,,,,,,,,,,,3,,,,,,,,,,2021-07-22,GP083A1,G21_GP083A1,,,,,,,,,,,,,,,,,,1,,,,,,,,,,2,,2021-07-22 15:52:00,,1,,8,,0.25,,,,,,,,,,,,,,,,,,0.15,,,,,,,,
,,,,,,,,,,,,,,,2,5,,,,,,,,,,2021-07-22,GP096F,G21_GP096F,,,,,,,,,,,,,,,,,1,1,,,,,,,,,,1,,2021-07-22 18:15:04,,1,,9,,0.16,,,,,,,,,,,,,,,,,0.46,0.2,,,,,,,,
,,,,,,,,,,,,,,,,,1,,,,,,,,,2021-07-22,GP112F,G21_GP112F,,,,,,,,,,,,,,,,,,,1,,,,,,,,,1,,2021-07-22 19:37:52,,1,,10,,0.07,,,,,,,,,,,,,,,,,,,1.47,,,,,,,
,,,,,,,,1,,,,,,,2,,,,,,,,,,,2021-07-23,GP115F,G21_GP115F,,,,,,,,,,1,,,,,,,1,,,,,,,,,,,,,2021-07-23 04:49:45,,,,1,,,,,,,,,,,,0.01,,,,,,,0.16,,,,,,,,,
,,,,,,,,,,,,,,,1,,,,,,,,,,,2021-07-23,GP103F,G21_GP103F,,,,,,,,,,,,,,,,,1,,,,,,,,,,,1,,2021-07-23 06:02:04,,1,,2,,0.08,,,,,,,,,,,,,,,,,0.04,,,,,,,,,
,,,,,,,,,,,,,,,,,,,,,,,,,,2021-07-23,GP130F,G21_GP130F,,,,,,,,,,,,,,,,,,,,,,,,,,,,,,2021-07-23 07:27:57,,,,3,,,,,,,,,,,,,,,,,,,,,,,,,,,,
,,,,,43,,,,,,,,,,2,,1,,,,,,,,,2021-07-23,GP130A1,G21_GP130A1,,,,,,,1,,,,,,,,,,1,,1,,,,,,,,,1,,2021-07-23 08:18:36,,1,,4,,0.98,,,,,,,4.17,,,,,,,,,,0.08,,1.85,,,,,,,
,,,,,6,,,,,,,,,,,,1,,,,,,,,,2021-07-23,GP152F,G21_GP152F,,,,,,,1,,,,,,,,,,,,1,,,,,,,,,,,2021-07-23 09:55:27,,,,5,,,,,,,,,0.45,,,,,,,,,,,,0.93,,,,,,,
,,,,,3,,,,,,,,,,,,1,,,,,,,,,2021-07-23,GP138F,G21_GP138F,,,,,,,1,,,,,,,,,,,,1,,,,,,,,,,,2021-07-23 12:08:34,,,,6,,,,,,,,,0.27,,,,,,,,,,,,0.49,,,,,,,
,,,,,,,,,,,,,,,,,,,,,,,,,,2021-07-23,GP165F,G21_GP165F,,,,,,,,,,,,,,,,,,,,,,,,,,,,,,2021-07-23 13:17:11,,,,7,,,,,,,,,,,,,,,,,,,,,,,,,,,,
,,,,,,,,,,,,,,,,,1,,,,,,,,,2021-07-23,GP165A1,G21_GP165A1,,,,,,,,,,,,,,,,,,,1,,,,,,,,,1,,2021-07-23 14:18:30,,1,,8,,2.09,,,,,,,,,,,,,,,,,,,0.66,,,,,,,
,,,,,,,,,,,,,,,,,,,,,,,,,,2021-07-23,GP166F,G21_GP166F,,,,,,,,,,,,,,,,,,,,,,,,,,,,2,,2021-07-23 15:20:48,,1,,9,,4.28,,,,,,,,,,,,,,,,,,,,,,,,,,
,,,,,,,,,,,,,,,15,,,,,,,,,,,2021-07-23,GP187F,G21_GP187F,,,,,,,,,,,,,,,,,1,,,,,,,,,,,,,2021-07-23 16:50:17,,,,10,,,,,,,,,,,,,,,,,,,2.06,,,,,,,,,
,,,,,,,,,,,,,,,1,,,,,,,,,,,2021-07-23,GP203F,G21_GP203F,,,,,,,,,,,,,,,,,1,,,,,,,,,,,2,,2021-07-23 19:20:01,,1,,11,,3.11,,,,,,,,,,,,,,,,,0.04,,,,,,,,,
,,,,,,,,,,,,,,,,,,,,,,,,,,2021-07-24,GP181F,G21_GP181F,,,,,,,,,,,,,,,,,,,,,,,,,,,,2,,2021-07-24 05:15:04,,1,,1,,2.52,,,,,,,,,,,,,,,,,,,,,,,,,,
,,,,12,,,,,,,,,,,,,,,,,,,,,,2021-07-24,GP180F,G21_GP180F,,,,,,1,,,,,,,,,,,,,,,,,,,,,,1,,2021-07-24 06:03:43,,1,,2,,3.14,,,,,,0.32,,,,,,,,,,,,,,,,,,,,
,,,,,9,,,,,,,,,,,,,,,,,,,,,2021-07-24,GP153F,G21_GP153F,,,,,,,1,,,,,,,,,,,,,,,,,,,,,,,2021-07-24 07:12:55,,,,3,,,,,,,,,0.86,,,,,,,,,,,,,,,,,,,
,,,,1,,,,,,,,,,,,,1,,,,,,,,,2021-07-24,GP169F,G21_GP169F,,,,,,1,,,,,,,,,,,,,1,,,,,,,,,1,,2021-07-24 08:53:25,,1,,4,,0.12,,,,,,0.02,,,,,,,,,,,,,1.02,,,,,,,
,,,,,,,,,,,,,,,,,1,,,,,,,,,2021-07-24,GP185F,G21_GP185F,,,,,,,,,,,,,,,,,,,1,,,,,,,,,,,2021-07-24 09:42:46,,,,5,,,,,,,,,,,,,,,,,,,,,1.51,,,,,,,
,,,,,,,,,,,,,,,,,,,,,,,,,,2021-07-24,GP201F,G21_GP201F,,,,,,,,,,,,,,,,,,,,,,,,,,,,,,2021-07-24 10:57:15,,,,6,,,,,,,,,,,,,,,,,,,,,,,,,,,,
,,,,1,,,,,,,,,,,,,1,,,,,,,,,2021-07-24,GP227F,G21_GP227F,,,,,,1,,,,,,,,,,,,,1,,,,,,,,,1,,2021-07-24 11:48:46,,1,,7,,0.57,,,,,,0.04,,,,,,,,,,,,,0.42,,,,,,,
,,,,,,,,,,,,,,,,,1,,,,,,,,,2021-07-24,GP230F,G21_GP230F,,,,,,,,,,,,,,,,,,,1,,,,,,,,,1,,2021-07-24 13:55:42,,1,,8,,0.11,,,,,,,,,,,,,,,,,,,0.44,,,,,,,
,,,,,,,,,,,,,,,,,,,,,,,,,,2021-07-24,GP249F,G21_GP249F,,,,,,,,,,,,,,,,,,,,,,,,,,,,,,2021-07-24 14:50:19,,,,9,,,,,,,,,,,,,,,,,,,,,,,,,,,,
,,,,,,,,,,,,,,,,,,,,,,,,,,2021-07-24,GP249A1,G21_GP249A1,,,,,,,,,,,,,,,,,,,,,,,,,,,,,,2021-07-24 15:38:41,,,,10,,,,,,,,,,,,,,,,,,,,,,,,,,,,
,,,,,7,,,,,,,,,,,,1,,,,,,,,,2021-07-24,GP249A2,G21_GP249A2,,,,,,,1,,,,,,,,,,,,1,,,,,,,,,,,2021-07-24 16:45:03,,,,11,,,,,,,,,1.06,,,,,,,,,,,,0.46,,,,,,,
,,,,,99,,,,,,,,,,,,1,,,,,,,,,2021-07-24,GP243F,G21_GP243F,,,,,,,1,,,,,,,,,,,,1,,,,,,,,,,,2021-07-24 18:00:43,,,,12,,,,,,,,,12.73,,,,,,,,,,,,2.01,,,,,,,
,,,,,10,,,,,,,,,,,,2,,,,,,,,,2021-07-24,GP261F,G21_GP261F,,,,,,,1,,,,,,,,,,,,1,,,,,,,,,,,2021-07-24 19:00:10,,,,13,,,,,,,,,0.96,,,,,,,,,,,,1.92,,,,,,,
,,,,,,,,,,,,,,,,,2,,,,,,,,,2021-07-24,GP257F,G21_GP257F,,,,,,,,,,,,,,,,,,,1,,,,,,,,,,,2021-07-24 20:05:49,,,,14,,,,,,,,,,,,,,,,,,,,,0.67,,,,,,,
,,,,,,,,,,,,,,,1,,,,,,,,,,,2021-07-25,GP211F,G21_GP211F,,,,,,,,,,,,,,,,,1,,,,,,,,,,,,,2021-07-25 05:33:11,,,,1,,,,,,,,,,,,,,,,,,,0.09,,,,,,,,,
,,2,,,,,,,,,,,,,1,,1,,,,,,,,,2021-07-25,GP199F,G21_GP199F,,,,1,,,,,,,,,,,,,1,,1,,,,,,,,,,,2021-07-25 06:11:24,,,,2,,,,,,0.05,,,,,,,,,,,,,0.08,,0.28,,,,,,,
,,,,,,,,,,,,,,,,,1,,,,,,,,,2021-07-25,GP219F,G21_GP219F,,,,,,,,,,,,,,,,,,,1,,,,,,,,,,,2021-07-25 07:33:44,,,,3,,,,,,,,,,,,,,,,,,,,,3.23,,,,,,,
,,,,,,,,,,,,,,,,,,,,,,,,,,2021-07-25,GP212F,G21_GP212F,,,,,,,,,,,,,,,,,,,,,,,,,,,,,,2021-07-25 08:57:54,,,,4,,,,,,,,,,,,,,,,,,,,,,,,,,,,
,,,,6,66,,,,,,,,,,3,9,3,,,,,,,,,2021-08-02,GP268F,G21_GP268F,,,,,,1,1,,,,,,,,,,1,1,1,,,,,,,,,1,,2021-08-02 04:20:37,,1,,1,,0.02,,,,,,0.32,8.31,,,,,,,,,,0.26,0.56,3.05,,,,,,,
,,,,,8,,,,,,,,,,1,,1,,,,,,,,,2021-08-02,GP259F,G21_GP259F,,,,,,,1,,,,,,,,,,1,,1,,,,,,,,,,,2021-08-02 06:17:07,,,,2,,,,,,,,,0.86,,,,,,,,,,0.09,,0.21,,,,,,,
,,1,,,28,,,,,,,,,,,,,,,,,,,,,2021-08-02,GP263F,G21_GP263F,,,,1,,,1,,,,,,,,,,,,,,,,,,,,,,,2021-08-02 07:30:24,,,,3,,,,,,0.32,,,2.84,,,,,,,,,,,,,,,,,,,
,,,,,91,,,,,,,,,,,,,,,,,,,,,2021-08-02,GP245F,G21_GP245F,,,,,,,1,,,,,,,,,,,,,,,,,,,,,,,2021-08-02 08:40:11,,,,4,,,,,,,,,10.65,,,,,,,,,,,,,,,,,,,
,,1,,2,6,,,,,,,,,,,,1,,,,,,,,,2021-08-02,GP248F,G21_GP248F,,,,1,,1,1,,,,,,,,,,,,1,,,,,,,,,,,2021-08-02 09:43:55,,,,5,,,,,,0.16,,0.05,0.79,,,,,,,,,,,,2.56,,,,,,,
,,,,,608,,,,,,,,,1,,,1,,,,,,,,,2021-08-02,GP265F,G21_GP265F,,,,,,,1,,,,,,,,,1,,,1,,,,,,,,,,,2021-08-02 10:49:18,,,,6,,,,,,,,,43.04,,,,,,,,,0.01,,,0.67,,,,,,,
,,,,,28,,,,,,,,,,,,3,,,,,,,,,2021-08-02,GP240F,G21_GP240F,,,,,,,1,,,,,,,,,,,,1,,,,,,,,,,,2021-08-02 12:16:08,,,,7,,,,,,,,,2.05,,,,,,,,,,,,3.26,,,,,,,
,,,,,28,,,,,,,,,,,,,,,,,,,,,2021-08-02,GP226F,G21_GP226F,,,,,,,1,,,,,,,,,,,,,,,,,,,,,1,,2021-08-02 13:29:44,,1,,8,,0.41,,,,,,,3.16,,,,,,,,,,,,,,,,,,,
,,2,,,,,,,,,,,,,,,1,,,,,,,,,2021-08-02,GP233F,G21_GP233F,,,,1,,,,,,,,,,,,,,,1,,,,,,,,,,,2021-08-02 14:55:57,,,,9,,,,,,0.53,,,,,,,,,,,,,,,1.31,,,,,,,
,,1,,,,,,,,,,,,,1,,1,,,,,,,,,2021-08-02,GP220F,G21_GP220F,,,,1,,,,,,,,,,,,,1,,1,,,,,,,,,,,2021-08-02 16:14:29,,,,10,,,,,,0.17,,,,,,,,,,,,,0.06,,0.96,,,,,,,
,,,,,133,,,,,,,,,,,,,,,,,,,,,2021-08-02,GP234F,G21_GP234F,,,,,,,1,,,,,,,,,,,,,,,,,,,,,,,2021-08-02 17:28:55,,,,11,,,,,,,,,8.02,,,,,,,,,,,,,,,,,,,
,,,,,,,,,,,,,,,,,,,,,,,,,,2021-08-02,GP214F,G21_GP214F,,,,,,,,,,,,,,,,,,,,,,,,,,,,,,2021-08-02 19:03:06,,,,12,,,,,,,,,,,,,,,,,,,,,,,,,,,,
,,,,,,,,,,,,,,,,,,,,,,,,,,2021-08-03,GP214A1,G21_GP214A1,,,,,,,,,,,,,,,,,,,,,,,,,,,,,,2021-08-03 05:26:02,,,,1,,,,,,,,,,,,,,,,,,,,,,,,,,,,
,,,,,,,,,,,,,,,,,1,,,,,,,,,2021-08-03,GP214A2,G21_GP214A2,,,,,,,,,,,,,,,,,,,1,,,,,,,,,,,2021-08-03 06:54:53,,,,2,,,,,,,,,,,,,,,,,,,,,0.39,,,,,,,
,,,,,5,,,,,,,,,,,,1,,,,,,,,,2021-08-03,GP192F,G21_GP192F,,,,,,,1,,,,,,,,,,,,1,,,,,,,,,,,2021-08-03 07:15:57,,,,3,,,,,,,,,0.61,,,,,,,,,,,,0.51,,,,,,,
,,,,,3,,,,,,,,,,,,1,,,,,,,,,2021-08-03,GP189F,G21_GP189F,,,,,,,1,,,,,,,,,,,,1,,,,,,,,,,,2021-08-03 08:42:02,,,,4,,,,,,,,,0.28,,,,,,,,,,,,0.31,,,,,,,
,,,,,,,,,,,,,,,,,,,,,,,,,,2021-08-03,GP197F,G21_GP197F,,,,,,,,,,,,,,,,,,,,,,,,,,,,,,2021-08-03 09:44:04,,,,5,,,,,,,,,,,,,,,,,,,,,,,,,,,,
,,,,,,,,,,,,,,,,,,,,,,,,,,2021-08-03,GP197A1,G21_GP197A1,,,,,,,,,,,,,,,,,,,,,,,,,,,,,,2021-08-03 10:27:05,,,,6,,,,,,,,,,,,,,,,,,,,,,,,,,,,
,,6,,,,,,,,,,,,,,,1,,,,,,,,,2021-08-03,GP197A2,G21_GP197A2,,,,1,,,,,,,,,,,,,,,1,,,,,,,,,,,2021-08-03 11:32:32,,,,7,,,,,,0.22,,,,,,,,,,,,,,,0.16,,,,,,,
,,,,,,,,,,,,,,,,,,,,,,,,,,2021-08-03,GP202F,G21_GP202F,,,,,,,,,,,,,,,,,,,,,,,,,,,,,,2021-08-03 13:18:40,,,,8,,,,,,,,,,,,,,,,,,,,,,,,,,,,
,,,,,,,,,,,,,,,,,1,,,,,,,,,2021-08-03,GP202A1,G21_GP202A1,,,,,,,,,,,,,,,,,,,1,,,,,,,,,,,2021-08-03 14:18:09,,,,9,,,,,,,,,,,,,,,,,,,,,0.8,,,,,,,
,,7,,,,2,,,,,,,,,,,1,,,,,,,,,2021-08-03,GP206F,G21_GP206F,,,,1,,,,1,,,,,,,,,,,1,,,,,,,,,,,2021-08-03 15:12:18,,,,10,,,,,,1.96,,,,0.16,,,,,,,,,,,2.88,,,,,,,
,,,,,,,,,1,,,,,,,,1,,,,,,,,,2021-08-03,GP198F,G21_GP198F,,,,,,,,,,,1,,,,,,,,1,,,,,,,,,1,,2021-08-03 16:22:42,,1,,11,,0.04,,,,,,,,,,,0.01,,,,,,,,0.7,,,,,,,
,,,,,,,,,,,,,,,,1,1,,,,,,,,,2021-08-03,GP191F,G21_GP191F,,,,,,,,,,,,,,,,,,1,1,,,,,,,,,,,2021-08-03 17:43:29,,,,12,,,,,,,,,,,,,,,,,,,,0.31,1.51,,,,,,,
,,,,,,,,,,,,,,,,,,,,,,,,,,2021-08-03,GP179F,G21_GP179F,,,,,,,,,,,,,,,,,,,,,,,,,,,,,,2021-08-03 19:10:45,,,,13,,,,,,,,,,,,,,,,,,,,,,,,,,,,
,,1,,,,,,,,,,,,,,,1,,,,,,,,,2021-08-04,GP176F,G21_GP176F,,,,1,,,,,,,,,,,,,,,1,,,,,,,,,,,2021-08-04 05:30:40,,,,1,,,,,,0.27,,,,,,,,,,,,,,,1.01,,,,,,,
,,1,,,,,,,,,,,,,,1,1,,,,,,,,,2021-08-04,GP158F,G21_GP158F,,,,1,,,,,,,,,,,,,,1,1,,,,,,,,,,,2021-08-04 06:29:53,,,,2,,,,,,0.53,,,,,,,,,,,,,,0.16,0.38,,,,,,,
,,1,,,,,,,,,,,,,,,3,,,,,,,,,2021-08-04,GP149F,G21_GP149F,,,,1,,,,,,,,,,,,,,,1,,,,,,,,,,,2021-08-04 08:01:59,,,,3,,,,,,0.02,,,,,,,,,,,,,,,2.02,,,,,,,
,,1,,,,,,,,,,,,,,,1,,,,,,,,,2021-08-04,GP127F,G21_GP127F,,,,1,,,,,,,,,,,,,,,1,,,,,,,,,,,2021-08-04 09:01:26,,,,4,,,,,,0.5,,,,,,,,,,,,,,,1.08,,,,,,,
,,,,,,,,,,,,,,,,,,,,,,,,,,2021-08-04,GP123F,G21_GP123F,,,,,,,,,,,,,,,,,,,,,,,,,,,,,,2021-08-04 10:28:19,,,,5,,,,,,,,,,,,,,,,,,,,,,,,,,,,
,,,,,,,,,,,,,,,,,,,,,,,,,,2021-08-04,GP147F,G21_GP147F,,,,,,,,,,,,,,,,,,,,,,,,,,,,,,2021-08-04 11:44:09,,,,6,,,,,,,,,,,,,,,,,,,,,,,,,,,,
,,,,,,,,,,,,,,,,,1,,,,,,,,,2021-08-04,GP159F,G21_GP159F,,,,,,,,,,,,,,,,,,,1,,,,,,,,,,,2021-08-04 12:44:10,,,,7,,,,,,,,,,,,,,,,,,,,,1.58,,,,,,,
,,,,,,,,,,,,,,,,,,,,,,,,,,2021-08-04,GP184F,G21_GP184F,,,,,,,,,,,,,,,,,,,,,,,,,,,,1,,2021-08-04 14:07:35,,1,,8,,0.07,,,,,,,,,,,,,,,,,,,,,,,,,,
,,,,,1,,,,,,,,,,5,1,,,,,,,,,,2021-08-04,GP174F,G21_GP174F,,,,,,,1,,,,,,,,,,1,1,,,,,,,,,,1,,2021-08-04 14:59:21,,1,,9,,0.15,,,,,,,0.27,,,,,,,,,,0.25,0.01,,,,,,,,
,,,,,,,,,,,,,,,1,,,,,,,,,,,2021-08-04,GP170F,G21_GP170F,,,,,,,,,,,,,,,,,1,,,,,,,,,,,,,2021-08-04 16:43:00,,,,10,,,,,,,,,,,,,,,,,,,0.08,,,,,,,,,
,,,,,,,,,,,,,,,1,,1,,,,,,,,,2021-08-04,GP162F,G21_GP162F,,,,,,,,,,,,,,,,,1,,1,,,,,,,,,,,2021-08-04 17:40:39,,,,11,,,,,,,,,,,,,,,,,,,0.05,,0.93,,,,,,,
,,,,,,,,,,,,,,,,,,,,,,,,,,2021-08-04,GP154F,G21_GP154F,,,,,,,,,,,,,,,,,,,,,,,,,,,,,,2021-08-04 18:42:06,,,,12,,,,,,,,,,,,,,,,,,,,,,,,,,,,
,,,,,,,,,,,,,,,,,,,,,,,,,,2021-08-05,GP154A1,G21_GP154A1,,,,,,,,,,,,,,,,,,,,,,,,,,,,,,2021-08-05 05:05:06,,,,1,,,,,,,,,,,,,,,,,,,,,,,,,,,,
,,,,,1,,,,,,,,,,,,1,,,,,,,,,2021-08-05,GP154A2,G21_GP154A2,,,,,,,1,,,,,,,,,,,,1,,,,,,,,,,,2021-08-05 06:01:38,,,,2,,,,,,,,,0.26,,,,,,,,,,,,0.9,,,,,,,
,,,,,,,,,,,,,,,,,2,,,,,,,,,2021-08-05,GP133F,G21_GP133F,,,,,,,,,,,,,,,,,,,1,,,,,,,,,,,2021-08-05 07:32:05,,,,3,,,,,,,,,,,,,,,,,,,,,2.36,,,,,,,
,,,,,,,,,,,,,,,,,3,,,,,,,,,2021-08-05,GP141F,G21_GP141F,,,,,,,,,,,,,,,,,,,1,,,,,,,,,,,2021-08-05 08:54:12,,,,4,,,,,,,,,,,,,,,,,,,,,2.17,,,,,,,
,,,,,,,,,,,,,,,,,,,,,,,,,,2021-08-05,GP128F,G21_GP128F,,,,,,,,,,,,,,,,,,,,,,,,,,,,,,2021-08-05 09:39:18,,,,5,,,,,,,,,,,,,,,,,,,,,,,,,,,,
,,2,,,,,,,,,,,,,,,1,,,,,,,,,2021-08-05,GP128A1,G21_GP128A1,,,,1,,,,,,,,,,,,,,,1,,,,,,,,,,,2021-08-05 10:37:47,,,,6,,,,,,0.19,,,,,,,,,,,,,,,0.78,,,,,,,
,,6,,,,,,,,,,,,,,,2,,,,,,,,,2021-08-06,GP099F,G21_GP099F,,,,1,,,,,,,,,,,,,,,1,,,,,,,,,,,2021-08-06 05:17:50,,,,1,,,,,,0.1,,,,,,,,,,,,,,,2.24,,,,,,,
,,,,,,,,,,,,,,,,1,,,,,,,,,,2021-08-06,GP094F,G21_GP094F,,,,,,,,,,,,,,,,,,1,,,,,,,,,,2,,2021-08-06 06:30:23,,1,,2,,0.45,,,,,,,,,,,,,,,,,,0.05,,,,,,,,
,,,,,,,,,,1,,,,,,,1,,,,,,,,,2021-08-06,GP077F,G21_GP077F,,,,,,,,,,,,1,,,,,,,1,,,,,,,,,,,2021-08-06 07:45:25,,,,3,,,,,,,,,,,,,,0.12,,,,,,,0.97,,,,,,,
,,8,,,,,,,,,,,,,,,1,,,,,,,,,2021-08-06,GP084F,G21_GP084F,,,,1,,,,,,,,,,,,,,,1,,,,,,,,,,,2021-08-06 09:19:06,,,,4,,,,,,0.24,,,,,,,,,,,,,,,0.72,,,,,,,
,,,,,,,,,,,,,,,,,,,,,,,,,,2021-08-06,GP113F,G21_GP113F,,,,,,,,,,,,,,,,,,,,,,,,,,,,,,2021-08-06 09:57:08,,,,5,,,,,,,,,,,,,,,,,,,,,,,,,,,,
,,,,,,,,,,,,,,,,,,,,,,,,,,2021-08-06,GP113A1,G21_GP113A1,,,,,,,,,,,,,,,,,,,,,,,,,,,,,,2021-08-06 10:52:05,,,,6,,,,,,,,,,,,,,,,,,,,,,,,,,,,
,,,,,,,,,,,,,,,,,,,,,,,,,,2021-08-06,GP113A2,G21_GP113A2,,,,,,,,,,,,,,,,,,,,,,,,,,,,,,2021-08-06 12:09:46,,,,7,,,,,,,,,,,,,,,,,,,,,,,,,,,,
,,,,,,,,,,,,,,,,,,,,,,,,,,2021-08-06,GP106F,G21_GP106F,,,,,,,,,,,,,,,,,,,,,,,,,,,,,,2021-08-06 13:21:18,,,,8,,,,,,,,,,,,,,,,,,,,,,,,,,,,
,,,,,,,,,,,,,,,,,,,,,,,,,,2021-08-06,GP106A1,G21_GP106A1,,,,,,,,,,,,,,,,,,,,,,,,,,,,,,2021-08-06 14:32:29,,,,9,,,,,,,,,,,,,,,,,,,,,,,,,,,,
,,,,,,,,,,,,,,,,,,,,,,,,,,2021-08-06,GP106A2,G21_GP106A2,,,,,,,,,,,,,,,,,,,,,,,,,,,,,,2021-08-06 16:12:59,,,,10,,,,,,,,,,,,,,,,,,,,,,,,,,,,
,,,,,,,,,,,,,,,,,1,,,,,,,,,2021-08-06,GP125F,G21_GP125F,,,,,,,,,,,,,,,,,,,1,,,,,,,,,,,2021-08-06 17:14:26,,,,11,,,,,,,,,,,,,,,,,,,,,1.32,,,,,,,
,,,,,,2,,,,,,,,,16,,,,,,,,,,,2021-08-06,GP150F,G21_GP150F,,,,,,,,1,,,,,,,,,1,,,,,,,,,,,1,,2021-08-06 19:03:54,,1,,12,,0.58,,,,,,,,0.13,,,,,,,,,1.12,,,,,,,,,
,,1,,,,,,,,,,,,,,,,,,,,,,,,2021-08-07,GP124F,G21_GP124F,,,,1,,,,,,,,,,,,,,,,,,,,,,,,,,2021-08-07 04:50:38,,,,1,,,,,,0.08,,,,,,,,,,,,,,,,,,,,,,
,,,,,,,,,,,,,,,,,,,,,,,,,,2021-08-07,GP105F,G21_GP105F,,,,,,,,,,,,,,,,,,,,,,,,,,,,,,2021-08-07 06:31:12,,,,2,,,,,,,,,,,,,,,,,,,,,,,,,,,,
,,,,,,,,,,,,,,,,,,,,,,,,,,2021-08-07,GP105A1,G21_GP105A1,,,,,,,,,,,,,,,,,,,,,,,,,,,,,,2021-08-07 07:13:18,,,,3,,,,,,,,,,,,,,,,,,,,,,,,,,,,
,,,1,,,,,,,,,,,,,,1,,,,,,,,,2021-08-07,GP105A2,G21_GP105A2,,,,,1,,,,,,,,,,,,,,1,,,,,,,,,,,2021-08-07 08:40:56,,,,4,,,,,,,0.03,,,,,,,,,,,,,,0.86,,,,,,,
,,,,,,,,,,,,,,,,,,,,,,,,,,2021-08-07,GP080F,G21_GP080F,,,,,,,,,,,,,,,,,,,,,,,,,,,,,,2021-08-07 10:28:12,,,,5,,,,,,,,,,,,,,,,,,,,,,,,,,,,
,,,,,,,,,,,,,,,4,,,,,,,,,,,2021-08-07,GP080A1,G21_GP080A1,,,,,,,,,,,,,,,,,1,,,,,,,,,,,2,,2021-08-07 11:22:36,,1,,6,,0.4,,,,,,,,,,,,,,,,,0.48,,,,,,,,,
,,,,,,,,,,,,,,,,,,,,,,,,,,2021-08-07,GP088F,G21_GP088F,,,,,,,,,,,,,,,,,,,,,,,,,,,,,,2021-08-07 12:47:59,,,,7,,,,,,,,,,,,,,,,,,,,,,,,,,,,
,,,,,,,,,,,,,,,,,,,,,,,,,,2021-08-07,GP088A1,G21_GP088A1,,,,,,,,,,,,,,,,,,,,,,,,,,,,,,2021-08-07 13:51:20,,,,8,,,,,,,,,,,,,,,,,,,,,,,,,,,,
,,,,,1,1,,,,,,,,,1,,,,,,,,,,,2021-08-07,GP088A2,G21_GP088A2,,,,,,,1,1,,,,,,,,,1,,,,,,,,,,,,,2021-08-07 17:07:01,,,,9,,,,,,,,,0.08,0.03,,,,,,,,,0.08,,,,,,,,,
,,,1,,,,,,,,,,,,,,,,,,,,,,,2021-08-07,GP068F,G21_GP068F,,,,,1,,,,,,,,,,,,,,,,,,,,,,,,,2021-08-07 17:25:10,,,,10,,,,,,,0.02,,,,,,,,,,,,,,,,,,,,,
,,,,,,,,,,,,,,,,,1,,,,,,,,,2021-08-07,GP076F,G21_GP076F,,,,,,,,,,,,,,,,,,,1,,,,,,,,,,,2021-08-07 18:43:38,,,,11,,,,,,,,,,,,,,,,,,,,,0.69,,,,,,,
,,,,,,,,,,,,,,,,,1,,,,,,,,,2021-08-07,GP061F,G21_GP061F,,,,,,,,,,,,,,,,,,,1,,,,,,,,,,,2021-08-07 19:51:43,,,,12,,,,,,,,,,,,,,,,,,,,,0.31,,,,,,,
,,,,,4,,,,,,,,,,,,,,,,,,,,,2021-08-08,GP049F,G21_GP049F,,,,,,,1,,,,,,,,,,,,,,,,,,,,,,,2021-08-08 05:18:34,,,,1,,,,,,,,,0.44,,,,,,,,,,,,,,,,,,,
,,,,,,,,,,,,,,,,,1,,,,,,,,,2021-08-08,GP036F,G21_GP036F,,,,,,,,,,,,,,,,,,,1,,,,,,,,,1,,2021-08-08 06:29:19,,1,,2,,0.08,,,,,,,,,,,,,,,,,,,0.29,,,,,,,
,,,,,,,,,,9,,,,,,,1,,,,,,,,,2021-08-08,GP026F,G21_GP026F,,,,,,,,,,,,1,,,,,,,1,,,,,,,,,2,,2021-08-08 08:38:09,,1,,3,,0.2,,,,,,,,,,,,0.55,,,,,,,0.48,,,,,,,
,,,,,,,,,,,,,,,3,4,1,,,,,,,,,2021-08-08,GP024F,G21_GP024F,,,,,,,,,,,,,,,,,1,1,1,,,,,,,,,1,,2021-08-08 09:53:53,,1,,4,,0.22,,,,,,,,,,,,,,,,,0.28,0.46,0.36,,,,,,,
,,,,,,,,,,,,,,,,1,1,,,,,,,,,2021-08-08,GP016F,G21_GP016F,,,,,,,,,,,,,,,,,,1,1,,,,,,,,,3,,2021-08-08 11:05:05,,1,,5,,1.45,,,,,,,,,,,,,,,,,,0.08,0.47,,,,,,,
,,,,,,,,,1,,,,,,,,1,,,,,,,,,2021-08-08,GP019F,G21_GP019F,,,,,,,,,,,1,,,,,,,,1,,,,,,,,,,,2021-08-08 13:01:07,,,,6,,,,,,,,,,,,,0.01,,,,,,,,0.72,,,,,,,
,,,,,,,,,,,,,,,,,,,,,,,,,,2021-08-08,GP023F,G21_GP023F,,,,,,,,,,,,,,,,,,,,,,,,,,,,,,2021-08-08 14:32:56,,,,7,,,,,,,,,,,,,,,,,,,,,,,,,,,,
,,,,,,,,,,,,,,,3,,,,,,,,,,,2021-08-08,GP025F,G21_GP025F,,,,,,,,,,,,,,,,,1,,,,,,,,,,,,,2021-08-08 15:24:08,,,,8,,,,,,,,,,,,,,,,,,,0.32,,,,,,,,,
,,,,,,,,,,,,,,,,,1,,,,,,,,,2021-08-08,GP044F,G21_GP044F,,,,,,,,,,,,,,,,,,,1,,,,,,,,,2,,2021-08-08 16:41:29,,1,,9,,0.55,,,,,,,,,,,,,,,,,,,1.15,,,,,,,
,,,,,,,,,,,,,,,,,2,,,,,,,,,2021-08-08,GP046F,G21_GP046F,,,,,,,,,,,,,,,,,,,1,,,,,,,,,,,2021-08-08 18:03:21,,,,10,,,,,,,,,,,,,,,,,,,,,2.28,,,,,,,
,,,,,,,,,,,,,,,,,,,,,,,,,,2021-08-08,GP067F,G21_GP067F,,,,,,,,,,,,,,,,,,,,,,,,,,,,,,2021-08-08 19:16:41,,,,11,,,,,,,,,,,,,,,,,,,,,,,,,,,,
,,2,,,,,,,,,,,,,,,,,,,,,,,,2021-08-09,GP048F,G21_GP048F,,,,1,,,,,,,,,,,,,,,,,,,,,,,,,,2021-08-09 05:45:47,,,,1,,,,,,0.13,,,,,,,,,,,,,,,,,,,,,,
,,,,,,,,,,,,,,,1,,,,,,,,,,,2021-08-09,GP066F,G21_GP066F,,,,,,,,,,,,,,,,,1,,,,,,,,,,,,,2021-08-09 06:25:16,,,,2,,,,,,,,,,,,,,,,,,,0.1,,,,,,,,,
,,,,,,,,,,,,,,,,,,,,,,,,,,2021-08-09,GP050F,G21_GP050F,,,,,,,,,,,,,,,,,,,,,,,,,,,,,,2021-08-09 07:22:45,,,,3,,,,,,,,,,,,,,,,,,,,,,,,,,,,
,,,,,1,,,,,,,,,,,,,,,,,,,,,2021-08-09,GP050A1,G21_GP050A1,,,,,,,1,,,,,,,,,,,,,,,,,,,,,1,,2021-08-09 08:54:34,,1,,4,,0.23,,,,,,,0.22,,,,,,,,,,,,,,,,,,,
,,,,,,,,,,,,,,,,,,,,,,,,,,2021-08-09,GP047F,G21_GP047F,,,,,,,,,,,,,,,,,,,,,,,,,,,,,,2021-08-09 10:10:15,,,,5,,,,,,,,,,,,,,,,,,,,,,,,,,,,
,,,,,,,,,,,,,,,,,2,,,,,,,,,2021-08-09,GP032F,G21_GP032F,,,,,,,,,,,,,,,,,,,1,,,,,,,,,,,2021-08-09 11:34:22,,,,6,,,,,,,,,,,,,,,,,,,,,1.94,,,,,,,
,,,,,,,,,,,,,,,,,1,,,,,,,,,2021-08-09,GP028F,G21_GP028F,,,,,,,,,,,,,,,,,,,1,,,,,,,,,,,2021-08-09 13:27:43,,,,7,,,,,,,,,,,,,,,,,,,,,0.51,,,,,,,
,,,,,,,,,,,,,,,,,,,,,,,,,,2021-08-09,GP018F,G21_GP018F,,,,,,,,,,,,,,,,,,,,,,,,,,,,,,2021-08-09 14:16:34,,,,8,,,,,,,,,,,,,,,,,,,,,,,,,,,,
,,,,,,,,,,,,,,,,,,,,,,,,,,2021-08-09,GP022F,G21_GP022F,,,,,,,,,,,,,,,,,,,,,,,,,,,,,,2021-08-09 15:24:33,,,,9,,,,,,,,,,,,,,,,,,,,,,,,,,,,
,,,,,,,,,,,,,,,,,,,,,,,,,,2021-08-09,GP022A1,G21_GP022A1,,,,,,,,,,,,,,,,,,,,,,,,,,,,,,2021-08-09 16:38:54,,,,10,,,,,,,,,,,,,,,,,,,,,,,,,,,,
,,,,,,,,,,,,,,,,,,,,,,,,,,2021-08-09,GP031F,G21_GP031F,,,,,,,,,,,,,,,,,,,,,,,,,,,,,,2021-08-09 18:57:58,,,,11,,,,,,,,,,,,,,,,,,,,,,,,,,,,
,,,,,,,,,,,,,,,,,,,,,,,,,,2021-08-10,GP030F,G21_GP030F,,,,,,,,,,,,,,,,,,,,,,,,,,,,,,2021-08-10 06:05:34,,,,1,,,,,,,,,,,,,,,,,,,,,,,,,,,,
,,,,,,,,,,,,,,,,,2,,,,,,,,,2021-08-10,GP040F,G21_GP040F,,,,,,,,,,,,,,,,,,,1,,,,,,,,,,,2021-08-10 06:33:14,,,,2,,,,,,,,,,,,,,,,,,,,,2.05,,,,,,,
,,,,,,,,,,,,,,,,,,,,,,,,,,2021-08-10,GP042F,G21_GP042F,,,,,,,,,,,,,,,,,,,,,,,,,,,,,,2021-08-10 07:27:52,,,,3,,,,,,,,,,,,,,,,,,,,,,,,,,,,
,,,,,,,,,,,,,,,,,,,,,,,,,,2021-08-10,GP041F,G21_GP041F,,,,,,,,,,,,,,,,,,,,,,,,,,,,3,,2021-08-10 08:40:48,,1,,4,,0.28,,,,,,,,,,,,,,,,,,,,,,,,,,
,,,,,,,,,,,,,,,,,,,,,,,,,,2021-08-10,GP052F,G21_GP052F,,,,,,,,,,,,,,,,,,,,,,,,,,,,,,2021-08-10 09:54:12,,,,5,,,,,,,,,,,,,,,,,,,,,,,,,,,,
,,,,,,,,,,,,,,,,,2,,,,,,,,,2021-08-10,GP051F,G21_GP051F,,,,,,,,,,,,,,,,,,,1,,,,,,,,,1,,2021-08-10 12:03:49,,1,,6,,0.05,,,,,,,,,,,,,,,,,,,4.75,,,,,,,
,,,,,,,,,,,,,,,,1,1,,,,,,,,,2021-08-10,GP069F,G21_GP069F,,,,,,,,,,,,,,,,,,1,1,,,,,,,,,1,,2021-08-10 13:43:32,,1,,7,,0.02,,,,,,,,,,,,,,,,,,0.04,0.52,,,,,,,
,,,,,,,,,,,,,,,,,,,,,,,,,,2021-08-10,GP062F,G21_GP062F,,,,,,,,,,,,,,,,,,,,,,,,,,,,,,2021-08-10 14:55:34,,,,8,,,,,,,,,,,,,,,,,,,,,,,,,,,,
,,,,,,,,,,,,,,,1,,1,,,,,,,,,2021-08-10,GP045F,G21_GP045F,,,,,,,,,,,,,,,,,1,,1,,,,,,,,,1,,2021-08-10 16:14:56,,1,,9,,0.08,,,,,,,,,,,,,,,,,0.04,,0.16,,,,,,,
,,,,,,,,,,,,,,,,,,,,,,,,,,2021-08-10,GP039F,G21_GP039F,,,,,,,,,,,,,,,,,,,,,,,,,,,,,,2021-08-10 18:03:41,,,,10,,,,,,,,,,,,,,,,,,,,,,,,,,,,
,,,,,,,,,,,,,,,,,,,,,,,,,,2021-08-10,GP039A1,G21_GP039A1,,,,,,,,,,,,,,,,,,,,,,,,,,,,,,2021-08-10 18:54:01,,,,11,,,,,,,,,,,,,,,,,,,,,,,,,,,,
,,,,,2,,,,,,,,,,,,,,,,,,,,,2021-08-11,GP053F,G21_GP053F,,,,,,,1,,,,,,,,,,,,,,,,,,,,,1,,2021-08-11 05:35:03,,1,,1,,0.19,,,,,,,0.19,,,,,,,,,,,,,,,,,,,
,,,,,,,,,,,,,,,,,,,,,,,,,,2021-08-11,GP043F,G21_GP043F,,,,,,,,,,,,,,,,,,,,,,,,,,,,,,2021-08-11 06:41:51,,,,2,,,,,,,,,,,,,,,,,,,,,,,,,,,,
,,,,,,,,,,,,,,,,,,,,,,,,,,2021-08-11,GP043A1,G21_GP043A1,,,,,,,,,,,,,,,,,,,,,,,,,,,,,,2021-08-11 07:14:58,,,,3,,,,,,,,,,,,,,,,,,,,,,,,,,,,
,,,,,,,,,,,,,,,,,,,,,,,,,,2021-08-16,GP009F,G21_GP009F,,,,,,,,,,,,,,,,,,,,,,,,,,,,2,,2021-08-16 17:53:03,,1,,1,,0.12,,,,,,,,,,,,,,,,,,,,,,,,,,
,,,,,,,,,,,,,,,,,1,,,,,,,,,2021-08-16,GP011F,G21_GP011F,,,,,,,,,,,,,,,,,,,1,,,,,,,,,,,2021-08-16 18:46:37,,,,2,,,,,,,,,,,,,,,,,,,,,1.48,,,,,,,
,,,,,,,,,,,,,,,,,,,,,,,,,,2021-08-16,GP008F,G21_GP008F,,,,,,,,,,,,,,,,,,,,,,,,,,,,,,2021-08-16 20:17:12,,,,3,,,,,,,,,,,,,,,,,,,,,,,,,,,,
,,,,,,,,,,,,,,,,4,,,,,,,,,,2021-08-17,GP001F,G21_GP001F,,,,,,,,,,,,,,,,,,1,,,,,,,,,,4,,2021-08-17 05:53:36,,1,,1,,0.23,,,,,,,,,,,,,,,,,,0.05,,,,,,,,
,,,,,,,,,,,,,,,,6,,,,,,,,,,2021-08-17,GP003F,G21_GP003F,,,,,,,,,,,,,,,,,,1,,,,,,,,,,1,,2021-08-17 07:41:18,,1,,2,,0.09,,,,,,,,,,,,,,,,,,0.27,,,,,,,,
,,,,,,,,,,,,,,,,,1,,,,,,,,,2021-08-17,GP004F,G21_GP004F,,,,,,,,,,,,,,,,,,,1,,,,,,,,,,,2021-08-17 08:46:12,,,,3,,,,,,,,,,,,,,,,,,,,,0.82,,,,,,,
,,,,,,,,,,,,,,,,,,,,,,,,,,2021-08-17,GP002F,G21_GP002F,,,,,,,,,,,,,,,,,,,,,,,,,,,,,,2021-08-17 09:18:12,,,,4,,,,,,,,,,,,,,,,,,,,,,,,,,,,
,,,,,,,,,,,,,,,3,6,1,,,,,,,,,2021-08-17,GP006F,G21_GP006F,,,,,,,,,,,,,,,,,1,1,1,,,,,,,,,,,2021-08-17 10:44:57,,,,5,,,,,,,,,,,,,,,,,,,0.28,0.19,2.96,,,,,,,
,,,,,,,,,,,,,,,,,,,,,,,,,,2021-08-17,GP005F,G21_GP005F,,,,,,,,,,,,,,,,,,,,,,,,,,,,,,2021-08-17 12:04:46,,,,6,,,,,,,,,,,,,,,,,,,,,,,,,,,,
,,,,,,,,,,,,,,,,,,,,,,,,,,2021-08-17,GP007F,G21_GP007F,,,,,,,,,,,,,,,,,,,,,,,,,,,,,,2021-08-17 13:40:54,,,,7,,,,,,,,,,,,,,,,,,,,,,,,,,,,
,,,,,1,,,,,,,,,,,,,,,,,,,,,2021-08-17,GP010F,G21_GP010F,,,,,,,1,,,,,,,,,,,,,,,,,,,,,3,,2021-08-17 14:56:58,,1,,8,,9.92,,,,,,,0.13,,,,,,,,,,,,,,,,,,,
,,,,,,,,,,,,,,,,,,,,,,,,,,2021-08-17,GP012F,G21_GP012F,,,,,,,,,,,,,,,,,,,,,,,,,,,,,,2021-08-17 16:31:03,,,,9,,,,,,,,,,,,,,,,,,,,,,,,,,,,
,,,,,,,,,,,,,,,2,,,,,,,,,,,2021-08-17,GP013F,G21_GP013F,,,,,,,,,,,,,,,,,1,,,,,,,,,,,,,2021-08-17 17:34:53,,,,10,,,,,,,,,,,,,,,,,,,0.13,,,,,,,,,
,,,,,,,,,,,,,,,,,,,,,,,,,,2021-08-18,GP015F,G21_GP015F,,,,,,,,,,,,,,,,,,,,,,,,,,,,,,2021-08-18 05:07:16,,,,1,,,,,,,,,,,,,,,,,,,,,,,,,,,,
,,,,,,,,,,,,,,,,,2,,,,,,,,,2021-08-18,GP017F,G21_GP017F,,,,,,,,,,,,,,,,,,,1,,,,,,,,,,,2021-08-18 06:57:02,,,,2,,,,,,,,,,,,,,,,,,,,,1.32,,,,,,,
,,,,,,,,,,,,,,,,,,,,,,,,,,2021-08-18,GP021F,G21_GP021F,,,,,,,,,,,,,,,,,,,,,,,,,,,,,,2021-08-18 07:47:59,,,,3,,,,,,,,,,,,,,,,,,,,,,,,,,,,
,,,,,,,,,,,,,,,,,,,,,,,,,,2021-08-18,GP020F,G21_GP020F,,,,,,,,,,,,,,,,,,,,,,,,,,,,,,2021-08-18 09:11:46,,,,4,,,,,,,,,,,,,,,,,,,,,,,,,,,,
,,,,,,,,,,,,,,,,,,,,,,,,,,2021-08-18,GP014F,G21_GP014F,,,,,,,,,,,,,,,,,,,,,,,,,,,,,,2021-08-18 10:06:08,,,,5,,,,,,,,,,,,,,,,,,,,,,,,,,,,
,,,,,5,,,,,,,,,,,,1,,,,,,,,,2021-08-18,GP029F,G21_GP029F,,,,,,,1,,,,,,,,,,,,1,,,,,,,,,,,2021-08-18 11:12:21,,1,,6,,8.36,,,,,,,0.85,,,,,,,,,,,,0.38,,,,,,,
,,,,,,,,,,,,,,,,,,,,,,,,,,2021-08-18,GP034F,G21_GP034F,,,,,,,,,,,,,,,,,,,,,,,,,,,,,,2021-08-18 12:55:42,,,,7,,,,,,,,,,,,,,,,,,,,,,,,,,,,
,,,,,,,,,,,,,,,,,,,,,,,,,,2021-08-18,GP034A1,G21_GP034A1,,,,,,,,,,,,,,,,,,,,,,,,,,,,,,2021-08-18 13:59:27,,,,8,,,,,,,,,,,,,,,,,,,,,,,,,,,,
,,,,,,,,,,,,,,,,,,,,,,,,,,2021-08-18,GP034A2,G21_GP034A2,,,,,,,,,,,,,,,,,,,,,,,,,,,,,,2021-08-18 14:46:51,,1,,9,,0.14,,,,,,,,,,,,,,,,,,,,,,,,,,
,,,,,3,,,,,,,,,,,,,,,,,,,,,2021-08-18,GP033F,G21_GP033F,,,,,,,1,,,,,,,,,,,,,,,,,,,,,,,2021-08-18 16:50:30,,,,10,,,,,,,,,0.19,,,,,,,,,,,,,,,,,,,
,,,,,,,,,,,,,,,1,,,,,,,,,,,2021-08-18,GP027F,G21_GP027F,,,,,,,,,,,,,,,,,1,,,,,,,,,,,,,2021-08-18 18:16:20,,,,11,,,,,,,,,,,,,,,,,,,0.09,,,,,,,,,
,,,,,4,,,,,,,,,,,,,,,,,,,,,2021-08-18,GP038F,G21_GP038F,,,,,,,1,,,,,,,,,,,,,,,,,,,,,,,2021-08-18 19:16:05,,,,12,,,,,,,,,0.41,,,,,,,,,,,,,,,,,,,
,,,,,168,,,,,,,,,,1,,,,,,,,,,,2021-08-19,GP035F,G21_GP035F,,,,,,,1,,,,,,,,,,1,,,,,,,,,,,,,2021-08-19 06:00:28,,1,,1,,13.99,,,,,,,25.31,,,,,,,,,,0.05,,,,,,,,,
,,,,,6,,,,,,,,,,,,,,,,,,,,,2021-08-19,GP054F,G21_GP054F,,,,,,,1,,,,,,,,,,,,,,,,,,,,,,,2021-08-19 06:54:46,,,,2,,,,,,,,,0.66,,,,,,,,,,,,,,,,,,,
,,,,,,,,,,,,,,,,1,,,,,,,,,,2021-08-19,GP064F,G21_GP064F,,,,,,,,,,,,,,,,,,1,,,,,,,,,,,,2021-08-19 08:13:09,,1,,3,,0.57,,,,,,,,,,,,,,,,,,0.13,,,,,,,,
,,,,,,,,,,,,,,,,,,,,,,,,,,2021-08-19,GP056F,G21_GP056F,,,,,,,,,,,,,,,,,,,,,,,,,,,,,,2021-08-19 09:21:59,,,,4,,,,,,,,,,,,,,,,,,,,,,,,,,,,
,,,,,,,,,,,,,,,,1,2,,,,,,,,,2021-08-19,GP056Fr,G21_GP056FR,,,,,,,,,,,,,,,,,,1,1,,,,,,,,,1,,2021-08-19 10:09:38,,1,,5,,0.04,,,,,,,,,,,,,,,,,,0.04,2.04,,,,,,,
,,,,,,,,,,,,,,,1,,,,,,,,,,,2021-08-19,GP074F,G21_GP074F,,,,,,,,,,,,,,,,,1,,,,,,,,,,,4,,2021-08-19 11:38:38,,1,,6,,5.96,,,,,,,,,,,,,,,,,0.02,,,,,,,,,
,,,,,9,,,,,,,,,,,2,,,,,,,,,,2021-08-19,GP057F,G21_GP057F,,,,,,,1,,,,,,,,,,,1,,,,,,,,,,,,2021-08-19 12:29:12,,1,,7,,3.87,,,,,,,0.79,,,,,,,,,,,0.05,,,,,,,,
,,,,,38,,,,,,,,,,,,1,,,,,,,,,2021-08-19,GP059F,G21_GP059F,,,,,,,1,,,,,,,,,,,,1,,,,,,,,,2,,2021-08-19 14:57:48,,1,,8,,0.05,,,,,,,3.28,,,,,,,,,,,,0.1,,,,,,,
,,,,,2,,,,,,,,,,,,1,,,,,,,,,2021-08-19,GP065F,G21_GP065F,,,,,,,1,,,,,,,,,,,,1,,,,,,,,,,,2021-08-19 15:27:04,,,,9,,,,,,,,,0.12,,,,,,,,,,,,0.12,,,,,,,
,,,,,,,,,,,,,,,1,,,,,,,,,,,2021-08-19,GP086F,G21_GP086F,,,,,,,,,,,,,,,,,1,,,,,,,,,,,,,2021-08-19 16:53:56,,1,,10,,3,,,,,,,,,,,,,,,,,0.11,,,,,,,,,
,,,,,1,,,,,,,,,,,,,,,,,,,,,2021-08-19,GP073F,G21_GP073F,,,,,,,1,,,,,,,,,,,,,,,,,,,,,,,2021-08-19 18:12:49,,,,11,,,,,,,,,0.13,,,,,,,,,,,,,,,,,,,
,,,,,,,,,,,,,,,,,,,,,,,,,,2021-08-19,GP058F,G21_GP058F,,,,,,,,,,,,,,,,,,,,,,,,,,,,,,2021-08-19 19:13:55,,,,12,,,,,,,,,,,,,,,,,,,,,,,,,,,,
,,,,,,,,,,,,,,,,,,,,,,,,,,2021-08-20,GP037F,G21_GP037F,,,,,,,,,,,,,,,,,,,,,,,,,,,,,,2021-08-20 06:15:50,,,,1,,,,,,,,,,,,,,,,,,,,,,,,,,,,
,,,,,,,,,,,,,,,,,,,,,,,,,,2021-08-20,GP055F,G21_GP055F,,,,,,,,,,,,,,,,,,,,,,,,,,,,,,2021-08-20 06:56:46,,,,2,,,,,,,,,,,,,,,,,,,,,,,,,,,,
,,,,,38,,,,,,,,,,1,,,,,,,,,,,2021-08-20,GP055A1,G21_GP055A1,,,,,,,1,,,,,,,,,,1,,,,,,,,,,,,,2021-08-20 07:53:48,,,,3,,,,,,,,,4.28,,,,,,,,,,0.03,,,,,,,,,
,,,,,,,,,,,,,,,,,,,,,,,,,,2021-08-20,GP071F,G21_GP071F,,,,,,,,,,,,,,,,,,,,,,,,,,,,,,2021-08-20 09:20:50,,,,4,,,,,,,,,,,,,,,,,,,,,,,,,,,,
,,,,,1,,,,,,,,,,1,,,,,,,,,,,2021-08-20,GP075F,G21_GP075F,,,,,,,1,,,,,,,,,,1,,,,,,,,,,,,,2021-08-20 11:09:15,,,,5,,,,,,,,,0.02,,,,,,,,,,0.11,,,,,,,,,
,,,,,,,,,,,,,,,,,,,,,,,,,,2021-08-20,GP089F,G21_GP089F,,,,,,,,,,,,,,,,,,,,,,,,,,,,,,2021-08-20 12:18:40,,,,6,,,,,,,,,,,,,,,,,,,,,,,,,,,,
,,,,,,,,,,,,,,,,,,,,,,,,,,2021-08-20,GP089A1,G21_GP089A1,,,,,,,,,,,,,,,,,,,,,,,,,,,,,,2021-08-20 13:34:28,,1,,7,,1.1,,,,,,,,,,,,,,,,,,,,,,,,,,
,,,,,,,,,,,,,,,,,1,,,,,,,,,2021-08-20,GP114F,G21_GP114F,,,,,,,,,,,,,,,,,,,1,,,,,,,,,,,2021-08-20 15:17:16,,,,8,,,,,,,,,,,,,,,,,,,,,0.94,,,,,,,
,,,,,1,,,,,,,,,,,,1,,,,,,,,,2021-08-20,GP126F,G21_GP126F,,,,1,,,1,,,,,,,,,,,,1,,,,,,,,,,,2021-08-20 18:10:45,,,,9,,,,,,0.84,,,0.14,,,,,,,,,,,,0.59,,,,,,,
,,,,,,,,,,,,,,,,,,,,,,,,,,2021-08-20,GP101F,G21_GP101F,,,,,,,,,,,,,,,,,,,,,,,,,,,,,,2021-08-20 18:53:10,,,,10,,,,,,,,,,,,,,,,,,,,,,,,,,,,
,,1,,,,,,,,,,,,,,,1,,,,,,,,,2021-08-21,GP082F,G21_GP082F,,,,1,,,,,,,,,,,,,,,1,,,,,,,,,,,2021-08-21 05:14:18,,1,,1,,18.89,,,,0.06,,,,,,,,,,,,,,,0.46,,,,,,,
,,,,,,,,,,,,,,,,,3,,,,,,,,,2021-08-21,GP060F,G21_GP060F,,,,,,,,,,,,,,,,,,,1,,,,,,,,,,,2021-08-21 07:05:41,,,,2,,,,,,,,,,,,,,,,,,,,,1.64,,,,,,,
,,1,,,2,,,,,,,,,,2,,2,,,,,,,,,2021-08-21,GP087F,G21_GP087F,,,,1,,,1,,,,,,,,,,1,,1,,,,,,,,,,,2021-08-21 08:24:36,,1,,3,,0.63,,,,0.04,,,0.23,,,,,,,,,,0.27,,0.63,,,,,,,
,,,,,1,,,,,,,,,,,,,,,,,,,,,2021-08-21,GP100F,G21_GP100F,,,,,,,1,,,,,,,,,,,,,,,,,,,,,,,2021-08-21 10:14:28,,1,,4,,0.43,,,,,,,0.11,,,,,,,,,,,,,,,,,,,
,,,,,,,,,,,,,,,,,1,,,,,,,,,2021-08-21,GP092F,G21_GP092F,,,,,,,,,,,,,,,,,,,1,,,,,,,,,,,2021-08-21 11:23:53,,1,,5,,0.53,,,,,,,,,,,,,,,,,,,1.12,,,,,,,
,,,,,23,,,,,,,,,,,,2,,,,,,,,,2021-08-21,GP110F,G21_GP110F,,,,,,,1,,,,,,,,,,,,1,,,,,,,,,,,2021-08-21 13:17:22,,1,,6,,0.29,,,,,,,2.83,,,,,,,,,,,,2.87,,,,,,,
,,,,,,,,,,,,,,,,,,,,,,,,,,2021-08-21,GP136F,G21_GP136F,,,,,,,,,,,,,,,,,,,,,,,,,,,,,,2021-08-21 14:54:28,,,,7,,,,,,,,,,,,,,,,,,,,,,,,,,,,
,,,,,,,,,,,,,,,,,1,,,,,,,,,2021-08-21,GP129F,G21_GP129F,,,,,,,,,,,,,,,,,,,1,,,,,,,,,,,2021-08-21 16:27:25,,,,8,,,,,,,,,,,,,,,,,,,,,0.93,,,,,,,
,,,,,,,,,,,,,,,,,,,,,,,,,,2021-08-21,GP144F,G21_GP144F,,,,,,,,,,,,,,,,,,,,,,,,,,,,,,2021-08-21 17:29:18,,,,9,,,,,,,,,,,,,,,,,,,,,,,,,,,,
,,,,,,,,,,,,,,,,,,,,,,,,,,2021-08-21,GP144A1,G21_GP144A1,,,,,,,,,,,,,,,,,,,,,,,,,,,,,,2021-08-21 18:28:36,,,,10,,,,,,,,,,,,,,,,,,,,,,,,,,,,
,,,,,,,,,,,,,,,,,,,,,,,,,,2021-08-21,GP142A2,G21_GP142A2,,,,,,,,,,,,,,,,,,,,,,,,,,,,,,2021-08-21 20:17:24,,,,11,,,,,,,,,,,,,,,,,,,,,,,,,,,,
,,,,,,,,,,,,,,,,,,,,,,,,,,2021-08-22,GP093F,G21_GP093F,,,,,,,,,,,,,,,,,,,,,,,,,,,,,,2021-08-22 06:01:52,,1,,1,,0.01,,,,,,,,,,,,,,,,,,,,,,,,,,
,,,,,3,,,,,,,,,,,,,,,,,,,,,2021-08-22,GP070F,G21_GP070F,,,,,,,1,,,,,,,,,,,,,,,,,,,,,,,2021-08-22 07:47:34,,1,,2,,0.21,,,,,,,0.2,,,,,,,,,,,,,,,,,,,
,,,,,1,,,,,,,,,,,,,,,,,,,,,2021-08-22,GP063F,G21_GP063F,,,,,1,,1,,,,,,,,,,,,,,,,,,,,,,,2021-08-22 08:21:07,,,,3,,,,,,,0.01,,0.07,,,,,,,,,,,,,,,,,,,
,,,,,,,,,,,,,,,,,,,,,,,,,,2021-08-22,GP095F,G21_GP095F,,,,,,,,,,,,,,,,,,,,,,,,,,,,,,2021-08-22 09:24:19,,,,4,,,,,,,,,,,,,,,,,,,,,,,,,,,,
,,,,,35,,,,,,,,,,1,,,,,,,,,,,2021-08-22,GP111F,G21_GP111F,,,,1,1,,1,,,,,,,,,,1,,,,,,,,,,,,,2021-08-22 11:16:43,,1,,5,,1.47,,,,0.01,0.04,,8.76,,,,,,,,,,0.03,,,,,,,,,
,,,,,19,,,,,,,,,,1,,,,,,,,,,,2021-08-22,GP135F,G21_GP135F,,,,,,,1,,,,,,,,,,1,,,,,,,,,,,,,2021-08-22 11:51:38,,,,6,,,,,,,,,2.08,,,,,,,,,,0.17,,,,,,,,,
,,,,,,,,,,,,,,,,,2,,,,,,,,,2021-08-22,GP131F,G21_GP131F,,,,,,,,,,,,,,,,,,,1,,,,,,,,,,,2021-08-22 12:54:14,,,,7,,,,,,,,,,,,,,,,,,,,,0.67,,,,,,,
,,,,,6,,,,,,,,,,,,,,,,,,,,,2021-08-22,GP145F,G21_GP145F,,,,,,,1,,,,,,,,,,,,,,,,,,,,,,,2021-08-22 13:55:51,,1,,8,,0.36,,,,,,,0.75,,,,,,,,,,,,,,,,,,,
,,2,,,,,,,,,,,,,,,,,,,,,,,,2021-08-22,GP137F,G21_GP137F,,,,1,,,,,,,,,,,,,,,,,,,,,,,,,,2021-08-22 14:55:03,,1,,9,,0.39,,,,0.14,,,,,,,,,,,,,,,,,,,,,,
,,,,,,,,,,,,,,,1,,,,,,,,,,,2021-08-22,GP119F,G21_GP119F,,,,,,,,,,,,,,,,,1,,,,,,,,,,,,,2021-08-22 17:34:47,,1,,10,,0.07,,,,,,,,,,,,,,,,,0.06,,,,,,,,,
,,,,,,,,,,,,,,,,,,,,,,,,,,2021-08-22,GP102F,G21_GP102F,,,,,,,,,,,,,,,,,,,,,,,,,,,,,,2021-08-22 18:04:22,,,,11,,,,,,,,,,,,,,,,,,,,,,,,,,,,
,,,,,,,,,,,,,,,,,1,,,,,,,,,2021-08-22,GP102A1,G21_GP102A1,,,,,,,,,,,,,,,,,,,1,,,,,,,,,,,2021-08-22 18:44:54,,,,12,,,,,,,,,,,,,,,,,,,,,2.33,,,,,,,
,,,,,,,,,,,,,,,,,1,,,,,,,,,2021-08-23,GP090F,G21_GP090F,,,,,,,,,,,,,,,,,,,1,,,,,,,,,,,2021-08-23 05:38:53,,,,1,,,,,,,,,,,,,,,,,,,,,0.12,,,,,,,
,,,,,,,,,,,,,,,,,,,,,,,,,,2021-08-23,GP079F,G21_GP079F,,,,,,,,,,,,,,,,,,,,,,,,,,,,,,2021-08-23 06:45:35,,,,2,,,,,,,,,,,,,,,,,,,,,,,,,,,,
,,,,,,,,,,,,,,,,,,,,,,,,,,2021-08-23,GP079FR,G21_GP079FR,,,,,,,,,,,,,,,,,,,,,,,,,,,,,,2021-08-23 07:46:45,,,,3,,,,,,,,,,,,,,,,,,,,,,,,,,,,
,,,,,,,,,,,,,,,,,2,,,,,,,,,2021-08-23,GP104F,G21_GP104F,,,,,,,,,,,,,,,,,,,1,,,,,,,,,,,2021-08-23 08:32:31,,,,4,,,,,,,,,,,,,,,,,,,,,0.94,,,,,,,
,,,,,2,,,,,,,,,,1,,,,,,,,,,,2021-08-23,GP091F,G21_GP091F,,,,,,,1,,,,,,,,,,1,,,,,,,,,,,,,2021-08-23 09:48:48,,,,5,,,,,,,,,0.28,,,,,,,,,,0.07,,,,,,,,,
,,,,,,,,,,,,,,,,,,,,,,,,,,2021-08-23,GP108F,G21_GP108F,,,,,,,,,,,,,,,,,,,,,,,,,,,,,,2021-08-23 11:01:48,,,,6,,,,,,,,,,,,,,,,,,,,,,,,,,,,
,,,,,3,,,,,,,,,,,,2,,,,,,,,,2021-08-23,GP108A1,G21_GP108A1,,,,,,,1,,,,,,,,,,,,1,,,,,,,,,,,2021-08-23 12:16:51,,1,,7,,0.09,,,,,,,0.37,,,,,,,,,,,,1.35,,,,,,,
,,,,,,,,,,,,,,,,,,,,,,,,,,2021-08-23,GP132F,G21_GP132F,,,,,,,,,,,,,,,,,,,,,,,,,,,,,,2021-08-23 13:14:39,,1,,8,,0.05,,,,,,,,,,,,,,,,,,,,,,,,,,
,,,,,,,,,,,,,,,,,,,,,,,,,,2021-08-23,GP148F,G21_GP148F,,,,,,,,,,,,,,,,,,,,,,,,,,,,,,2021-08-23 14:19:12,,,,9,,,,,,,,,,,,,,,,,,,,,,,,,,,,
,,2,,,,,,,,,,,,,,1,,,,,,,,,,2021-08-23,GP148A1,G21_GP148A1,,,,1,,,,,,,,,,,,,,1,,,,,,,,,,,,2021-08-23 16:53:33,,,,10,,,,,,0.49,,,,,,,,,,,,,,0.08,,,,,,,,
,,,,,,,,,,,,,,,,,,,,,,,,,,2021-08-23,GP140F,G21_GP140F,,,,,,,,,,,,,,,,,,,,,,,,,,,,,,2021-08-23 17:22:49,,,,11,,,,,,,,,,,,,,,,,,,,,,,,,,,,
,,,,,,,,,,,,,,,2,,,,,,,,,,,2021-08-23,GP117A1,G21_GP117A1,,,,,1,,,,,,,,,,,,1,,,,,,,,,,,,,2021-08-23 18:51:08,,,,12,,,,,,,0.07,,,,,,,,,,,,0.18,,,,,,,,,
,,,,,,,,,,,,,,,,,,,,,,,,,,2021-08-23,GP117F,G21_GP117F,,,,,,,,,,,,,,,,,,,,,,,,,,,,,,2021-08-23 21:14:08,,,,11,,,,,,,,,,,,,,,,,,,,,,,,,,,,
,,1,,,,,,,,,,,,,2,,,,,,,,,,,2021-08-24,GP097F,G21_GP097F,,,,1,,,,,,,,,,,,,1,,,,,,,,,,,,,2021-08-24 06:31:51,,1,,1,,0.16,,,,0.13,,,,,,,,,,,,,0.13,,,,,,,,,
,,,1,,1,,,,,,,,,,1,,1,,,,,,,,,2021-08-24,GP116F,G21_GP116F,,,,,1,,1,,,,,,,,,,1,,1,,,,,,,,,,,2021-08-24 07:14:09,,1,,2,,0.35,,,,,0.04,,0.17,,,,,,,,,,0.03,,0.1,,,,,,,
,,,,,,,,,,,,,,,,,,,,,,,,,,2021-08-24,GP146F,G21_GP146F,,,,,,,,,,,,,,,,,,,,,,,,,,,,,,2021-08-24 08:33:05,,,,3,,,,,,,,,,,,,,,,,,,,,,,,,,,,
,,,,,,,,,,,,,,,,,,,,,,,,,,2021-08-24,GP146A1,G21_GP146A1,,,,,,,,,,,,,,,,,,,,,,,,,,,,,,2021-08-24 09:26:25,,,,4,,,,,,,,,,,,,,,,,,,,,,,,,,,,
,,,,,,,,,,,,,,,1,,1,,,,,,,,,2021-08-24,GP146A2,G21_GP146A2,,,,1,,,,,,,,,,,,,1,1,1,,,,,,,,,,,2021-08-24 10:15:52,,,,5,,,,,,1.36,,,,,,,,,,,,,0.06,0.18,0.84,,,,,,,
,,,,,,,,,,,,,,,,,1,,,,,,,,,2021-08-24,GP160F,G21_GP160F,,,,,,,,,,,,,,,,,,1,1,,,,,,,,,,,2021-08-24 11:29:34,,,,6,,,,,,0.12,,,,,,,,,,,,,,0.06,1.03,,,,,,,
,,,,,,,,,,,,,,,,,,,,,,,,,,2021-08-24,GP161F,G21_GP161F,,,,,,,,,,,,,,,,,,,,,,,,,,,,,,2021-08-24 12:18:57,,,,7,,,,,,,,,,,,,,,,,,,,,,,,,,,,
,,,,,,,,,,,,,,,,,,,,,,,,,,2021-08-24,GP151F,G21_GP151F,,,,,,,,,,,,,,,,,,,,,,,,,,,,,,2021-08-24 13:30:52,,,,8,,,,,,,,,,,,,,,,,,,,,,,,,,,,
,,,,,,,,,,,,,,,6,,,,,,,,,,,2021-08-24,GP151A1,G21_GP151A1,,,,,,,,,,,,,,,,,1,1,,,,,,,,,,,,2021-08-24 16:19:52,,1,,9,,0.48,,,,,,,,,,,,,,,,,0.63,0.35,,,,,,,,
,,,,,,,,,,,,,,,,,1,,,,,,,,,2021-08-24,GP164F,G21_GP164F,,,,1,,,,,,,,,,,,,,,1,,,,,,,,,,,2021-08-24 18:06:01,,,,10,,,,,,0.04,,,,,,,,,,,,,,,1.04,,,,,,,
,,,,,,,,,,,,,,,,,1,,,,,,,,,2021-08-24,GP163F,G21_GP163F,,,,1,,,,,,,,,,,,,,1,1,,,,,,,,,,,2021-08-24 19:14:07,,,,11,,,,,,1.27,,,,,,,,,,,,,,0.05,4.16,,,,,,,
,,,,,,,,,,,,,,,,,,,,,,,,,,2021-08-25,GP212A1,G21_GP212A1,,,,,,,,,,,,,,,,,,,,,,,,,,,,,,2021-08-25 06:17:26,,,,1,,,,,,,,,,,,,,,,,,,,,,,,,,,,
,,,,,,,,,,,,,,,,,,,,,,,,,,2021-08-25,GP212A2,G21_GP212A2,,,,,,,,,,,,,,,,,,,,,,,,,,,,,,2021-08-25 06:34:33,,,,2,,,,,,,,,,,,,,,,,,,,,,,,,,,,
,,,,,4,,,,,,,,,,,,3,,,,,,,,,2021-08-25,GP232F,G21_GP232F,,,,1,,,1,,,,,,,,,,,,1,,,,,,,,,,,2021-08-25 07:24:21,,,,3,,,,,,0.27,,,0.13,,,,,,,,,,,,2.23,,,,,,,
,,,,,31,,,,,,,,,,,,1,,,,,,,,,2021-08-31,GP255F,G21_GP255F,,,,,,,1,,,,,,,,,,,1,1,,,,,,,,,,,2021-08-31 07:17:59,,,,1,,,,,,,,,4.67,,,,,,,,,,,1.09,0.64,,,,,,,
,,,,,,,,,,,,,,,,,,,,,,,,,,2021-08-31,GP246F,G21_GP246F,,,,,,,,,,,,,,,,,,,,,,,,,,,,,,2021-08-31 08:30:54,,,,2,,,,,,,,,,,,,,,,,,,,,,,,,,,,
,,,,,,,,,,,,,,,,,1,,,,,,,,,2021-08-31,GP246A1,G21_GP246A1,,,,,,,,,,,,,,,,,,1,1,,,,,,,,,,,2021-08-31 09:53:36,,,,3,,,,,,,,,,,,,,,,,,,,0.46,3.34,,,,,,,
,,,,,2,,,,,,,,,,,,2,,,,,,,,,2021-08-31,GP244F,G21_GP244F,,,,,,,1,,,,,,,,,,,1,1,,,,,,,,,,,2021-08-31 10:55:29,,,,4,,,,,,,,,0.28,,,,,,,,,,,0.11,3.84,,,,,,,
,,,,,,,,,,,,,,,,,,,,,,,,,,2021-08-31,GP229F,G21_GP229F,,,,,,,,,,,,,,,,,,,,,,,,,,,,,,2021-08-31 11:51:01,,,,5,,,,,,,,,,,,,,,,,,,,,,,,,,,,
,,,,,,,,,,,,,,,,,,,,,,,,,,2021-08-31,GP229A1,G21_GP229A1,,,,,,,,,,,,,,,,,,,,,,,,,,,,,,2021-08-31 13:14:07,,,,6,,,,,,,,,,,,,,,,,,,,,,,,,,,,
,,,,,,,,,,,,,,,,,,,,,,,,,,2021-08-31,GP229A2,G21_GP229A2,,,,,,,,,,,,,,,,,,,,,,,,,,,,,,2021-08-31 13:47:40,,,,7,,,,,,,,,,,,,,,,,,,,,,,,,,,,
,,,,,,,,,,,,,,,,,,,,,,,,,,2021-08-31,GP229A3,G21_GP229A3,,,,,,,,,,,,,,,,,,,,,,,,,,,,,,2021-08-31 15:43:56,,,,8,,,,,,,,,,,,,,,,,,,,,,,,,,,,
,,,,,,,,,,,,,,,,,,,,,,,,,,2021-08-31,GP215F,G21_GP215F,,,,,,,,,,,,,,,,,,,,,,,,,,,,,,2021-08-31 16:48:26,,,,9,,,,,,,,,,,,,,,,,,,,,,,,,,,,
,,,,,6,,,,,,,,,,,,,,,,,,,,,2021-08-31,GP215A1,G21_GP215A1,,,,,,,1,,,,,,,,,,,,,,,,,,,,,,,2021-08-31 18:14:08,,,,10,,,,,,,,,4.47,,,,,,,,,,,,,,,,,,,
,,,,,77,,,,,,,,,,1,,,,,,,,,,,2021-08-31,GP210F,G21_GP210F,,,,,,,1,,,,,,,,,,1,,,,,,,,,,,,,2021-08-31 19:36:50,,1,,11,,0.04,,,,,,,8.36,,,,,,,,,,0.15,,,,,,,,,
,,,,,13,7,,,,,,,,,,,,,,,,,,,,2021-09-01,GP221F,G21_GP221F,,,,,,,1,1,,,,,,,,,,,,,,,,,,,,,,2021-09-01 05:29:10,,,,1,,,,,,,,,1.42,0.57,,,,,,,,,,,,,,,,,,
,,,,,,,,,,,,,,,,,1,,,,,,,,,2021-09-01,GP177F,G21_GP177F,,,,,,,,,,,,,,,,,,,1,,,,,,,,,,,2021-09-01 07:10:18,,,,2,,,,,,,,,,,,,,,,,,,,,1.6,,,,,,,
,,,,,,,,,,,,,,,,,,,,,,,,,,2021-09-01,GP190F,G21_GP190F,,,,,,,,,,,,,,,,,,,,,,,,,,,,,,2021-09-01 08:51:06,,,,3,,,,,,,,,,,,,,,,,,,,,,,,,,,,
,,,,,,,,,,,,,,,,,3,,,,,,,,,2021-09-01,GP188F,G21_GP188F,,,,1,,,,,,,,,,,,,,,1,,,,,,,,,,,2021-09-01 09:58:22,,,,4,,,,,,1.72,,,,,,,,,,,,,,,4.9,,,,,,,
,,,,,,,,,,,,,,,,,,,,,,,,,,2021-09-01,GP196F,G21_GP196F,,,,,,,,,,,,,,,,,,,,,,,,,,,,,,2021-09-01 10:56:32,,,,5,,,,,,,,,,,,,,,,,,,,,,,,,,,,
,,,,,4,1,,,,,,,,,2,,,,,,,,,,,2021-09-01,GP196A1,G21_GP196A1,,,,,,,1,1,,,,,,,,,1,,,,,,,,,,,,,2021-09-01 11:30:45,,1,,6,,0.31,,,,,,,0.81,0.1,,,,,,,,,0.11,,,,,,,,,
,,,,,2,,,,,,,,,,,,,,,,,,,,,2021-09-01,GP182F,G21_GP182F,,,,,,,1,,,,,,,,,,,,,,,,,,,,,,,2021-09-01 12:45:24,,,,7,,,,,,,,,0.28,,,,,,,,,,,,,,,,,,,
,,,,,,,,,,,,,,,,,,,,,,,,,,2021-09-01,GP194F,G21_GP194F,,,,,,,,,,,,,,,,,,,,,,,,,,,,,,2021-09-01 14:51:44,,,,8,,,,,,,,,,,,,,,,,,,,,,,,,,,,
,,,,,,,,,,,,,,,5,,,,,,,,,,,2021-09-01,GP186F,G21_GP186F,,,,,,,,,,,,,,,,,1,,,,,,,,,,,,,2021-09-01 15:57:50,,,,9,,,,,,,,,,,,,,,,,,,0.28,,,,,,,,,
,,,,,2,,,,,,,,,,1,,,,,,,,,,,2021-09-01,GP167F,G21_GP167F,,,,,,,1,,,,,,,,,,1,,,,,,,,,,,,,2021-09-01 17:13:03,,1,,10,,0.41,,,,,,,0.39,,,,,,,,,,0.06,,,,,,,,,
,,,,,,,,,,,,,,,,,1,,,,,,,,,2021-09-01,GP173F,G21_GP173F,,,,,,,,,,,,,,,,,,,1,,,,,,,,,,,2021-09-01 18:26:06,,1,,11,,0.09,,,,,,,,,,,,,,,,,,,1.08,,,,,,,
,,,,,117,38,,,,,,,,,1,,,,,,,,,,,2021-09-02,GP225F,G21_GP225F,,,,,,,1,1,,,,,,,,,1,,,,,,,,,,,1,,2021-09-02 06:02:01,,1,,1,,0.03,,,,,,,10.77,7.78,,,,,,,,,0.08,,,,,,,,,
,,,,,,,,,,,,,,,,,,,,,,,,,,2021-09-04,GP222F,G21_GP222F,,,,,,,,,,,,,,,,,,,,,,,,,,,,,,2021-09-04 14:02:19,,,,1,,,,,,,,,,,,,,,,,,,,,,,,,,,,
,,,,,,,,,,,,,,,,,3,,,,,,,,,2021-09-04,GP205F,G21_GP205F,,,,,,,,,,,,,,,,,,,1,,,,,,,,,,,2021-09-04 14:43:14,,,,2,,,,,,,,,,,,,,,,,,,,,1.98,,,,,,,
,,,,,,,,,,,,,,,,,1,,,,,,,,,2021-09-04,GP213F,G21_GP213F,,,,,,,,,,,,,,,,,,,1,,,,,,,,,,,2021-09-04 15:58:15,,,,3,,,,,,,,,,,,,,,,,,,,,1.38,,,,,,,
,,,,,,,,,,,,,,,,,1,,,,,,,,,2021-09-04,GP224F,G21_GP224F,,,,,,,,,,,,,,,,,,,1,,,,,,,,,,,2021-09-04 16:58:32,,,,4,,,,,,,,,,,,,,,,,,,,,0.11,,,,,,,
,,,,,,,,,,,,,,,,,2,,,,,,,,,2021-09-05,GP239F,G21_GP239F,,,,,,,,,,,,,,,,,,,1,,,,,,,,,,,2021-09-05 11:04:15,,,,1,,,,,,,,,,,,,,,,,,,,,1.63,,,,,,,
,,,,,,,,,,,,,,,,,3,,,,,,,,,2021-09-05,GP253F,G21_GP253F,,,,,,,,,,,,,,,,,,,1,,,,,,,,,,,2021-09-05 11:29:14,,,,2,,,,,,,,,,,,,,,,,,,,,3.27,,,,,,,
,,,,,,,,,,,,,,,,,1,,,,,,,,,2021-09-05,GP242F,G21_GP242F,,,,,,,,,,,,,,,,,,,1,,,,,,,,,,,2021-09-05 12:15:36,,,,3,,,,,,,,,,,,,,,,,,,,,0.57,,,,,,,
,,,,,,,,,,,,,,,,,,,,,,,,,,2021-09-05,GP228F,G21_GP228F,,,,,,,,,,,,,,,,,,,,,,,,,,,,,,2021-09-05 13:03:41,,,,4,,,,,,,,,,,,,,,,,,,,,,,,,,,,
,,,,,,,,,,,,,,,,,3,,,,,,,,,2021-09-05,GP216F,G21_GP216F,,,,,,,,,,,,,,,,,,,1,,,,,,,,,,,2021-09-05 14:45:20,,,,5,,,,,,,,,,,,,,,,,,,,,2.42,,,,,,,
,,,,,,,,,,,,,,,4,,1,,,,,,,,,2021-09-05,GP195F,G21_GP195F,,,,,,,,,,,,,,,,,1,,1,,,,,,,,,,,2021-09-05 16:09:25,,,,6,,,,,,,,,,,,,,,,,,,0.25,,0.49,,,,,,,
,,,,,,,,,,,,,,,,,2,,,,,,,,,2021-09-05,GP171F,G21_GP171F,,,,,,,,,,,,,,,,,,,1,,,,,,,,,,,2021-09-05 17:21:19,,,,7,,,,,,,,,,,,,,,,,,,,,0.56,,,,,,,
,,,,,1,,,,,,,,,,,,2,,,,,,,,,2021-09-05,GP155F,G21_GP155F,,,,,,,1,,,,,,,,,,,,1,,,,,,,,,,,2021-09-05 18:48:51,,,,8,,,,,,,,,0.06,,,,,,,,,,,,2.36,,,,,,,
,,,,,3,,,,,,,,,,,,,,,,,,,,,2021-09-06,GP118F,G21_GP118F,,,,,,,1,,,,,,,,,,,,,,,,,,,,,,,2021-09-06 06:20:51,,,,1,,,,,,,,,0.29,,,,,,,,,,,,,,,,,,,
,,,,,,,,,,,,,,,,,,,,,,,,,,2021-09-06,GP143F,G21_GP143F,,,,,,,,,,,,,,,,,,,,,,,,,,,,,,2021-09-06 07:21:41,,,,2,,,,,,,,,,,,,,,,,,,,,,,,,,,,
,,,,,2,,,,,,,,,,,,1,,,,,,,,,2021-09-06,GP143A1,G21_GP143A1,,,,,,,1,,,,,,,,,,,,1,,,,,,,,,1,,2021-09-06 08:09:48,,1,,3,,0.03,,,,,,,0.33,,,,,,,,,,,,0.74,,,,,,,
,,,,,1,,,,,,,,,,,,1,,,,,,,,,2021-09-06,GP157F,G21_GP157F,,,,,,,1,,,,,,,,,,,,1,,,,,,,,,,,2021-09-06 09:46:24,,1,,4,,0.09,,,,,,,0.18,,,,,,,,,,,,0.1,,,,,,,
,,,,1,,,,,,,,,,,,,1,,,,,,,,,2021-09-06,GP172F,G21_GP172F,,,,,,1,,,,,,,,,,,,,1,,,,,,,,,,,2021-09-06 10:49:18,,,,5,,,,,,,,0.05,,,,,,,,,,,,,0.94,,,,,,,
,,,,,7,,,,,,,,,,,,1,,,,,,,,,2021-09-06,GP183F,G21_GP183F,,,,,,,1,,,,,,,,,,,,1,,,,,,,,,,,2021-09-06 11:53:58,,,,6,,,,,,,,,0.67,,,,,,,,,,,,1.12,,,,,,,
,,,,,4,,,,,,,,,,,,1,,,,,,,,,2021-09-06,GP200F,G21_GP200F,,,,,,,1,,,,,,,,,,,,1,,,,,,,,,,,2021-09-06 13:06:53,,1,,7,,0.07,,,,,,,0.28,,,,,,,,,,,,1.14,,,,,,,
,,,,,2,,,,,,,,,,,,2,,,,,,,,,2021-09-08,GP291F,G21_GP291F,,,,,,,1,,,,,,,,,,,1,1,,,,,,,,,,,2021-09-08 06:33:28,,,,1,,,,,,,,,0.16,,,,,,,,,,,0.02,1.91,,,,,,,
,,,,,3,,,,,,,,,,,,,,,,,,,,,2021-09-08,GP275F,G21_GP275F,,,,1,,,1,,,,,,,,,,,1,,,,,,,,,,,,2021-09-08 07:21:26,,,,2,,,,,,0.09,,,0.45,,,,,,,,,,,1.01,,,,,,,,
,,,,,3,,,,,,,,,,,,1,,,,,,,,,2021-09-08,GP252F,G21_GP252F,,,,,,,1,,,,,,,,,,,1,1,,,,,,,,,,,2021-09-08 08:50:55,,,,3,,,,,,,,,0.27,,,,,,,,,,,1.32,1.02,,,,,,,
,,,,,,,,,,,,,,,,,,,,,,,,,,2021-09-08,GP279F,G21_GP279F,,,,,,,,,,,,,,,,,,,,,,,,,,,,,,2021-09-08 10:02:23,,,,4,,,,,,,,,,,,,,,,,,,,,,,,,,,,
,,,,1,21,,,,,,,,,,,,,,,,,,,,,2021-09-08,GP279A1,G21_GP279A1,,,,,,1,1,,,,,,,,,,,1,,,,,,,,,,,,2021-09-08 11:31:16,,,,5,,,,,,,,0.08,1.64,,,,,,,,,,,0.29,,,,,,,,
,,2,,,2,,,,,,,,,,,1,1,,,,,,,,,2021-09-08,GP285F,G21_GP285F,,,,1,,,1,,,,,,,,,,,1,1,,,,,,,,,2,,2021-09-08 11:54:13,,1,,6,,0.68,,,,0.14,,,0.19,,,,,,,,,,,0.04,0.55,,,,,,,
,,,,,,,,,,,,,,,,,,,,,,,,,,2021-09-13,GP297F,G21_GP297F,,,,,,,,,,,,,,,,,,,,,,,,,,,,,,2021-09-13 08:50:59,,,,1,,,,,,,,,,,,,,,,,,,,,,,,,,,,
,,,,,1,,,,,,,,,,,,1,,,,,,,,,2021-09-13,GP296F,G21_GP296F,,,,,,,1,,,,,,,,,,,,1,,,,,,,,,,,2021-09-13 10:16:37,,,,2,,,,,,,,,0.23,,,,,,,,,,,,0.23,,,,,,,
,,,,,,,,,,,,,,,,,2,,,,,,,,,2021-09-13,GP288F,G21_GP288F,,,,,,,,,,,,,,,,,,,1,,,,,,,,,,,2021-09-13 11:22:16,,,,3,,,,,,,,,,,,,,,,,,,,,2.07,,,,,,,
,,,,,1,,,,,,,,,,1,,,,,,,,,,,2021-09-13,GP283F,G21_GP283F,,,,,,,1,,,,,,,,,,1,,,,,,,,,,,,,2021-09-13 13:04:24,,,,4,,,,,,,,,0.11,,,,,,,,,,0.07,,,,,,,,,
,,,,,24,,,,,,,,,,2,,,,,,,,,,,2021-09-13,GP274F,G21_GP274F,,,,,,,1,,,,,,,,,,1,,,,,,,,,,,,,2021-09-13 15:45:28,,,,5,,,,,,,,,1.79,,,,,,,,,,0.09,,,,,,,,,
,,,,,1,,,,,,,,,,,,,,,,,,,,,2021-09-13,GP272F,G21_GP272F,,,,,,,1,,,,,,,,,,,,,,,,,,,,,,,2021-09-13 16:14:54,,,,6,,,,,,,,,0.07,,,,,,,,,,,,,,,,,,,
,,,,,,,,,,2,,,,,,,,,,,,,,,,2021-09-13,GP267F,G21_GP267F,,,,,,,,,,,,1,,,,,,,,,,,,,,,,,,2021-09-13 17:45:52,,,,7,,,,,,,,,,,,,,0.05,,,,,,,,,,,,,,
,,,,,,,,,,6,,,,,,,,,,,,,,,,2021-09-13,GP256F,G21_GP256F,,,,,,,,,,,,1,,,,,,,,,,,,,,,,,,2021-09-13 18:50:01,,,,8,,,,,,,,,,,,,,0.37,,,,,,,,,,,,,,
,,,,,,,,,1,1,,,,,,,,,,,,,,,,2021-09-14,GP254F,G21_GP254F,,,,,,,,,,,1,1,,,,,,,,,,,,,,,,,,2021-09-14 06:36:03,,,,1,,,,,,,,,,,,,0.01,0.06,,,,,,,,,,,,,,
,,,,,,,,,,3,,,,,,,,,,,,,,,,2021-09-14,GP241F,G21_GP241F,,,,,,,,,,,,1,,,,,,,,,,,,,,,,,,2021-09-14 07:54:01,,,,2,,,,,,,,,,,,,,0.19,,,,,,,,,,,,,,
,,,,,,,,,,,,,,,1,,,,,,,,,,,2021-09-14,GP231F,G21_GP231F,,,,,,,,,,,,,,,,,1,,,,,,,,,,,,,2021-09-14 10:39:28,,,,3,,,,,,,,,,,,,,,,,,,0.04,,,,,,,,,
,,,,,,,,,,,,,,,,,,,,,,,,,,2021-09-14,GP238F,G21_GP238F,,,,,,,,,,,,,,,,,,,,,,,,,,,,,,2021-09-14 12:05:29,,,,4,,,,,,,,,,,,,,,,,,,,,,,,,,,,
,,,,,,,,,,,,,,,,,,,,,,,,,,2021-09-14,GP262F,G21_GP262F,,,,,,,,,,,,,,,,,,,,,,,,,,,,,,2021-09-14 13:14:01,,,,5,,,,,,,,,,,,,,,,,,,,,,,,,,,,
,,,,,,,,,,,,,,,,,,,,,,,,,,2021-09-14,GP264F,G21_GP264F,,,,,,,,,,,,,,,,,,,,,,,,,,,,,,2021-09-14 14:44:55,,,,6,,,,,,,,,,,,,,,,,,,,,,,,,,,,
,,,,,,,,,,,,,,,,,,,,,,,,,,2021-09-14,GP271F,G21_GP271F,,,,,,,,,,,,,,,,,,,,,,,,,,,,,,2021-09-14 15:46:36,,,,7,,,,,,,,,,,,,,,,,,,,,,,,,,,,
,,,,,,,,,,,,,,,,,,,,,,,,,,2021-09-14,GP270F,G21_GP270F,,,,,,,,,,,,,,,,,,,,,,,,,,,,,,2021-09-14 17:39:32,,,,8,,,,,,,,,,,,,,,,,,,,,,,,,,,,
,,,,,,,,,,,,,,,,,,,,,,,,,,2021-09-14,GP266F,G21_GP266F,,,,,,,,,,,,,,,,,,,,,,,,,,,,,,2021-09-14 18:52:31,,,,9,,,,,,,,,,,,,,,,,,,,,,,,,,,,
,,,,,,,,,,,,,,,,,,,,,,,,,,2021-09-15,GP294F,G21_GP294F,,,,,,,,,,,,,,,,,,1,,,,,,,,,,,,2021-09-15 06:38:37,,,,1,,,,,,,,,,,,,,,,,,,,0.02,,,,,,,,
,,,,,,,,,,,,,,,,,,,,,,,,,,2021-09-15,GP277F,G21_GP277F,,,,,,,,,,,,,,,,,,,,,,,,,,,,,,2021-09-15 07:18:38,,,,2,,,,,,,,,,,,,,,,,,,,,,,,,,,,
,,,,,,,,,,,,,,,,,2,,,,,,,,,2021-09-15,GP284F,G21_GP284F,,,,,,,,,,,,,,,,,,,1,,,,,,,,,,,2021-09-15 08:40:05,,,,3,,,,,,,,,,,,,,,,,,,,,2.44,,,,,,,
,,,,,,,,,,,,,,,,,,,,,,,,,,2021-09-15,GP276F,G21_GP276F,,,,,,,,,,,,,,,,,,,,,,,,,,,,,,2021-09-15 09:28:28,,,,4,,,,,,,,,,,,,,,,,,,,,,,,,,,,
,,,,,,,,,,,,,,,,,,,,,,,,,,2021-09-15,GP280F,G21_GP280F,,,,,,,,,,,,,,,,,,,,,,,,,,,,,,2021-09-15 10:44:19,,,,5,,,,,,,,,,,,,,,,,,,,,,,,,,,,
,,,,,,,,,,,,,,,,,,,,,,,,,,2021-09-16,GP175F,G21_GP175F,,,,,,,,,,,,,,,,,,,,,,,,,,,,,,2021-09-16 08:17:09,,,,1,,,,,,,,,,,,,,,,,,,,,,,,,,,,
,,,,1,,,,,,,,,,,,,1,,,,,,,,,2021-09-16,GP175A1,G21_GP175A1,,,,1,,1,,,,,,,,,,,,,1,,,,,,,,,,,2021-09-16 12:14:56,,1,,2,,14.36,,,,0.04,,0.02,,,,,,,,,,,,,0.34,,,,,,,
,,,,,,,,,,,,,,,,,,,,,,,,,,2021-09-16,GP168F,G21_GP168F,,,,1,,,,,,,,,,,,,,,,,,,,,,,,,,2021-09-16 13:28:05,,,,3,,,,,,0.03,,,,,,,,,,,,,,,,,,,,,,
,,,,,,,,,,,,,,,,,2,,,,,,,,,2021-09-16,GP178F,G21_GP178F,,,,,,,,,,,,,,,,,,,1,,,,,,,,,,,2021-09-16 15:00:52,,,,4,,,,,,,,,,,,,,,,,,,,,0.38,,,,,,,
,,,,,1,,,,,,,,,,3,,,,,,,,,,,2021-09-16,GP193F,G21_GP193F,,,,,,,1,,,,,,,,,,1,,,,,,,,,,,,,2021-09-16 16:08:13,,,,5,,,,,,,,,0.13,,,,,,,,,,0.11,,,,,,,,,
,,,,4,,,,,,,,,,,,,,,,,,,,,,2021-09-16,GP209F,G21_GP209F,,,,,,1,,,,,,,,,,,,,,,,,,,,,,,,2021-09-16 17:05:42,,,,6,,,,,,,,0.13,,,,,,,,,,,,,,,,,,,,
,,,,,,,,,,,,,,,,,,,,,,,,,,2021-09-16,GP204F,G21_GP204F,,,,,,,,,,,,,,,,,,,,,,,,,,,,,,2021-09-16 17:58:17,,,,7,,,,,,,,,,,,,,,,,,,,,,,,,,,,
,,,,,2,,,,,,,,,,,,2,,,,,,,,,2021-09-16,GP204A1,G21_GP204A1,,,,,,,1,,,,,,,,,,,,1,,,,,,,,,,,2021-09-16 19:27:49,,,,8,,,,,,,,,0.39,,,,,,,,,,,,1.14,,,,,,,
,,,,,,,,,,,,,,,,,1,,,,,,,,,2021-09-17,GP217F,G21_GP217F,,,,,,,,,,,,,,,,,,,1,,,,,,,,,,,2021-09-17 06:02:11,,1,,1,,0.05,,,,,,,,,,,,,,,,,,,0.1,,,,,,,
,,,,,,,,,,,,,,,,,,,,,,,,,,2021-09-17,GP218F,G21_GP218F,,,,,,,,,,,,,,,,,,,,,,,,,,,,,,2021-09-17 07:14:18,,,,2,,,,,,,,,,,,,,,,,,,,,,,,,,,,
,,,,,,,,,,,,,,,,,,,,,,,,,,2021-09-17,GP236F,G21_GP236F,,,,,,,,,,,,,,,,,,,,,,,,,,,,,,2021-09-17 08:04:30,,,,3,,,,,,,,,,,,,,,,,,,,,,,,,,,,
,,,,,1,,,,,,,,,,,,2,,,,,,,,,2021-09-17,GP236A1,G21_GP236A1,,,,,,,1,,,,,,,,,,,,1,,,,,,,,,,,2021-09-17 09:07:19,,1,,4,,0.06,,,,,,,0.08,,,,,,,,,,,,3.38,,,,,,,
,,,,,,,,,,,,,,,,,,,,,,,,,,2021-09-17,GP223F,G21_GP223F,,,,,,,,,,,,,,,,,,,,,,,,,,,,,,2021-09-17 10:18:36,,,,5,,,,,,,,,,,,,,,,,,,,,,,,,,,,
,,,,,,,,,,,,,,,,,,,,,,,,,,2021-09-17,GP247F,G21_GP247F,,,,,,,,,,,,,,,,,,,,,,,,,,,,,,2021-09-17 11:49:44,,,,6,,,,,,,,,,,,,,,,,,,,,,,,,,,,
,,,,,3,,,,,,,,,,,,4,,,,,,,,,2021-09-17,GP258F,G21_GP258F,,,,,,,1,,,,,,,,,,,,1,,,,,,,,,,,2021-09-17 12:57:10,,,,7,,,,,,,,,0.41,,,,,,,,,,,,2.61,,,,,,,
,,,,,,,,,,,,,,,,,,,,,,,,,,2021-09-17,GP281F,G21_GP281F,,,,,,,,,,,,,,,,,,,,,,,,,,,,,,2021-09-17 13:52:03,,,,8,,,,,,,,,,,,,,,,,,,,,,,,,,,,
,,,,,20,,,,,,,,,,,,1,,,,,,,,,2021-09-17,GP278F,G21_GP278F,,,,,,,1,,,,,,,,,,,,1,,,,,,,,,,,2021-09-17 14:48:35,,,,9,,,,,,,,,1.64,,,,,,,,,,,,0.7,,,,,,,
,,,,,,,,,,,,,,,,,,,,,,,,,,2021-09-18,GP301F,G21_GP301F,,,,,,,,,,,,,,,,,,,,,,,,,,,,,,2021-09-18 06:18:54,,,,1,,,,,,,,,,,,,,,,,,,,,,,,,,,,
,,,,,,,,,,,,,,,,,,,,,,,,,,2021-09-18,GP289F,G21_GP289F,,,,,,,,,,,,,,,,,,,,,,,,,,,,,,2021-09-18 07:16:33,,,,2,,,,,,,,,,,,,,,,,,,,,,,,,,,,
,,,,,3,,,,,,,,,,,,,,,,,,,,,2021-09-18,GP298F,G21_GP298F,,,,,,,1,,,,,,,,,,,,,,,,,,,,,,,2021-09-18 08:27:00,,1,,3,,0.09,,,,,,,0.37,,,,,,,,,,,,,,,,,,,
,,,,,2,,,,,,,,,,,,,,,,,,,,,2021-09-18,GP292F,G21_GP292F,,,,,,,1,,,,,,,,,,,,,,,,,,,,,,,2021-09-18 09:46:11,,,,4,,,,,,,,,0.24,,,,,,,,,,,,,,,,,,,
,,,,,8,,,,,,,,,,,,,,,,,,,,,2021-09-18,GP286F,G21_GP286F,,,,1,,,1,,,,,,,,,,,1,,,,,,,,,,,,2021-09-18 10:36:58,,,,5,,,,,,0.15,,,1.01,,,,,,,,,,,0.08,,,,,,,,
,,,,,3,,,,,,,,,,1,,1,,,,,,,,,2021-09-18,GP299F,G21_GP299F,,,,1,,,1,,,,,,,,,,1,,1,,,,,,,,,,,2021-09-18 11:49:47,,,,6,,,,,,0.07,,,0.3,,,,,,,,,,0.06,,0.92,,,,,,,
,,,,,12,,,,,,,,,,,,1,,,,,,,,,2021-09-18,GP302F,G21_GP302F,,,,,,,1,,,,,,,,,,,,1,,,,,,,,,,,2021-09-18 13:18:29,,,,7,,,,,,,,,1.46,,,,,,,,,,,,0.52,,,,,,,
,,,,,,,,,,,,,,,,,1,,,,,,,,,2021-09-18,GP304F,G21_GP304F,,,,1,,,,,,,,,,,,,,,1,,,,,,,,,,,2021-09-18 14:20:57,,,,8,,,,,,0.11,,,,,,,,,,,,,,,0.26,,,,,,,
,,,,,,,,,,,,,,,,,,,,,,,,,,2021-09-18,GP305F,G21_GP305F,,,,1,,,,,,,,,,,,,,,,,,,,,,,,,,2021-09-18 15:10:46,,,,9,,0.08,,,,0.06,,,,,,,,,,,,,,,,,,,,,,
,,,,,,,,,,,,,,,2,,,,,,,,,,,2021-09-18,GP306F,G21_GP306F,,,,,,,,,,,,,,,,,1,,,,,,,,,,,,,2021-09-18 17:19:28,,1,,10,,0.02,,,,,,,,,,,,,,,,,0.09,,,,,,,,,
,,,,,32,,,,,,,,,,,,2,,,,,,,,,2021-09-18,GP319F,G21_GP319F,,,,,,,1,,,,,,,,,,,,1,,,,,,,,,,,2021-09-18 18:22:59,,,,11,,,,,,,,,3.06,,,,,,,,,,,,0.96,,,,,,,
,,,,,,,,,,,,,,,,,1,,,,,,,,,2021-09-20,GP330F,G21_GP330F,,,,,,,,,,,,,,,,,,,1,,,,,,,,,,,2021-09-20 12:04:46,,,,1,,,,,,,,,,,,,,,,,,,,,0.59,,,,,,,
,,,,,,,,,,,,,,,,,,,,,,,,,,2021-09-20,GP336F,G21_GP336F,,,,,,,,,,,,,,,,,,,,,,,,,,,,7,,2021-09-20 13:52:49,,1,,2,,1.02,,,,,,,,,,,,,,,,,,,,,,,,,,
,,,,,,,,,,,,,,,2,,,,,,,,,,,2021-09-20,GP340F,G21_GP340F,,,,,,,,,,,,,,,,,1,,,,,,,,,,,,,2021-09-20 16:12:33,,,,3,,,,,,,,,,,,,,,,,,,0.12,,,,,,,,,
,,,,,,,,,,,,,,,,,1,,,,,,,,,2021-09-20,GP339F,G21_GP339F,,,,,,,,,,,,,,,,,,,1,,,,,,,,,,,2021-09-20 17:32:27,,,,4,,,,,,,,,,,,,,,,,,,,,0.7,,,,,,,
,,,,,,,,,,,,,,,,,,,,,,,,,,2021-09-20,GP343F,G21_GP343F,,,,,,,,,,,,,,,,,,,,,,,,,,,,,,2021-09-20 18:31:23,,1,,5,,0.05,,,,,,,,,,,,,,,,,,,,,,,,,,
,,,,,,,,,,,,,,,,,1,,,,,,,,,2021-09-21,GP349F,G21_GP349F,,,,,,,,,,,,,,,,,,,1,,,,,,,,,,,2021-09-21 05:36:49,,,,1,,,,,,,,,,,,,,,,,,,,,0.1,,,,,,,
,,,,,,,,,,,,,,,,,1,,,,,,,,,2021-09-21,GP355F,G21_GP355F,,,,,,,,,,,,,,,,,,,1,,,,,,,,,,,2021-09-21 07:43:01,,,,2,,,,,,,,,,,,,,,,,,,,,0.66,,,,,,,
,,,,,,,,,,,,,,,,,2,,,,,,,,,2021-09-21,GP348F,G21_GP348F,,,,,,,,,,,,,,,,,,,1,,,,,,,,,,,2021-09-21 08:59:59,,1,,3,,1.33,,,,,,,,,,,,,,,,,,,0.89,,,,,,,
,,,,,1,,,,,,,,,,,,2,,,,,,,,,2021-09-21,GP347F,G21_GP347F,,,,,,,1,,,,,,,,,,,,1,,,,,,,,,,,2021-09-21 11:11:09,,1,,4,,0.2,,,,,,,0.04,,,,,,,,,,,,1.04,,,,,,,
,,,,,9,,,,,,,,,,,,,,,,,,,,,2021-09-21,GP345F,G21_GP345F,,,,,,,1,,,,,,,,,,,,,,,,,,,,,,,2021-09-21 12:34:10,,,,5,,,,,,,,,1.1,,,,,,,,,,,,,,,,,,,
,,,,,2,,,,,,,,,,,,1,,,,,,,,,2021-09-21,GP337F,G21_GP337F,,,,,,,1,,,,,,,,,,,,1,,,,,,,,,,,2021-09-21 13:45:41,,,,6,,,,,,,,,0.33,,,,,,,,,,,,0.22,,,,,,,
,,,,,4,,,,,,,,,,,,,,,,,,,,,2021-09-21,GP338F,G21_GP338F,,,,,,,1,,,,,,,,,,,,,,,,,,,,,,,2021-09-21 15:08:53,,,,7,,,,,,,,,0.34,,,,,,,,,,,,,,,,,,,
,,,,,3,,,,,,,,,,,,1,,,,,,,,,2021-09-21,GP328F,G21_GP328F,,,,,,,1,,,,,,,,,,,,1,,,,,,,,,,,2021-09-21 16:45:39,,,,8,,,,,,,,,0.16,,,,,,,,,,,,0.21,,,,,,,
,,,,,,,,,,,,,,,,,,,,,,,,,,2021-09-21,GP321F,G21_GP321F,,,,,,,,,,,,,,,,,,,,,,,,,,,,,,2021-09-21 17:33:01,,,,9,,,,,,,,,,,,,,,,,,,,,,,,,,,,
,,,,,1,,,,,,,,,,,,1,,,,,,,,,2021-09-21,GP314F,G21_GP314F,,,,,,,1,,,,,,,,,,,,1,,,,,,,,,,,2021-09-21 18:55:02,,,,10,,,,,,,,,0.08,,,,,,,,,,,,0.66,,,,,,,
,,,,,1,,,,,,,,,,,,,,,,,,,,,2021-09-22,GP318F,G21_GP318F,,,,,,,1,,,,,,,,,,,,,,,,,,,,,,,2021-09-22 06:44:17,,,,1,,,,,,,,,0.08,,,,,,,,,,,,,,,,,,,
,,,,,1,,,,,,,,,,,,,,,,,,,,,2021-09-22,GP309F,G21_GP309F,,,,,,,1,,,,,,,,,,,,,,,,,,,,,,,2021-09-22 07:30:24,,,,2,,,,,,,,,0.12,,,,,,,,,,,,,,,,,,,
,,,,,,,,,,,,,,,,,,,,,,,,,,2021-09-22,GP322F,G21_GP322F,,,,,,,,,,,,,,,,,,,,,,,,,,,,,,2021-09-22 08:26:53,,,,3,,,,,,,,,,,,,,,,,,,,,,,,,,,,
,,,,,2,,,,,,,,,,1,,1,,,,,,,,,2021-09-22,GP327F,G21_GP327F,,,,,,,1,,,,,,,,,,1,,1,,,,,,,,,,,2021-09-22 10:03:06,,,,4,,,,,,,,,0.08,,,,,,,,,,0.1,,0.61,,,,,,,
,,,,,,,,,,,,,,,,,2,,,,,,,,,2021-09-22,GP332F,G21_GP332F,,,,,,,,,,,,,,,,,,,1,,,,,,,,,,,2021-09-22 10:58:12,,,,5,,,,,,,,,,,,,,,,,,,,,0.95,,,,,,,
,,,,,,,,,,,,,,,,,2,,,,,,,,,2021-09-22,GP317F,G21_GP317F,,,,,,,,,,,,,,,,,,,1,,,,,,,,,,,2021-09-22 11:52:39,,,,6,,,,,,,,,,,,,,,,,,,,,0.53,,,,,,,
,,,,,1,,,,,,,,,,,,2,,,,,,,,,2021-09-22,GP307F,G21_GP307F,,,,,,,1,,,,,,,,,,,,1,,,,,,,,,,,2021-09-22 13:01:38,,,,7,,,,,,,,,0.1,,,,,,,,,,,,1.12,,,,,,,
,,,,,,,,,,,,,,,,,,,,,,,,,,2021-09-22,GP311F,G21_GP311F,,,,1,,,,,,,,,,,,,,,,,,,,,,,,,,2021-09-22 14:24:46,,,,8,,,,,,0.27,,,,,,,,,,,,,,,,,,,,,,
,,,,,,,,,,,,,,,,,,,,,,,,,,2021-09-22,GP329F,G21_GP329F,,,,,,,,,,,,,,,,,,,,,,,,,,,,,,2021-09-22 15:18:12,,1,,9,,0.08,,,,,,,,,,,,,,,,,,,,,,,,,,
,,,,,,,,,,,,,,,,,,,,,,,,,,2021-09-22,GP333F,G21_GP333F,,,,,,,,,,,,,,,,,,,,,,,,,,,,,,2021-09-22 16:54:18,,,,10,,,,,,,,,,,,,,,,,,,,,,,,,,,,
,,,,,,,,,,,,,,,,,,,,,,,,,,2021-09-22,GP308F,G21_GP308F,,,,,,,,,,,,,,,,,,,,,,,,,,,,,,2021-09-22 18:11:04,,,,11,,,,,,,,,,,,,,,,,,,,,,,,,,,,
,,,,,,,,,,,,,,,,,,,,,,,,,,2021-09-22,GP310F,G21_GP310F,,,,,,,,,,,,,,,,,,,,,,,,,,,,,,2021-09-22 20:06:15,,,,12,,,,,,,,,,,,,,,,,,,,,,,,,,,,