C23,C240,C241,C320,C630,class_data,DATE,GPnum,GPnum_wt_year,Location,Measure fish message,P23,P240,P241,P320,P630,TCalligatorfish,TCAngler,TCcod,TCEel,TCeelpout,TCFlatfishes,TCGadidae,TCGrenadier,TChake,TCLumpfish,TCPelagic,TCRockling,TCsculpin,TCseasnail,TCShark,TCskate,TCsnakeblenny,TCStickleback,TCunknownfish,TCwolffish,timestamp,TPalligatorish,TPAngler,TPcod,TPEel,TPeelpout,TPFlatfishes,TPGadidae,TPGrenadier,TPhake,TPLumpfish,TPPelagic,TPRockling,TPsculpin,TPseasnail,TPShark,TPskate,TPsnakeblenny,TPStickleback,TPunknownfish,TPwolffish,TRAWLNUM,TWalligatorfish,TWAngler,TWcod,TWEel,TWeelpout,TWFlatfishes,TWGadidae,TWGrenadier,TWhake,TWLumpfish,TWPelagic,TWRockling,TWsculpin,TWseasnail,TWShark,TWskate,TWsnakeblenny,TWStickleback,TWunknownfish,TWwolffish,W23,W240,W241,W320,W630
,,,,,,2021-07-17,GP354F,G21_GP354F,,,,,,,,,,32,,,10,,,,,,,2,,,3,,,,,2021-07-17 04:33:32,,,1,,,1,,,,,,,1,,,1,,,,,1,,,6.81,,,1.6,,,,,,,0.03,,,3.12,,,,,,,,,
,,,,,,2021-07-17,GP351F,G21_GP351F,,,,,,,,1,,2,,,71,,,,,,,,,,13,,,,,2021-07-17 05:51:58,1,,1,,,1,,,,,,,,,,1,,,,,2,0.01,,0.43,,,5.02,,,,,,,,,,2.34,,,,,,,,,
738,,,,,,2021-07-17,GP353F,G21_GP353F,,,1,,,,,,1,,,,29,,63,14,,,3,,,,12,,,,,2021-07-17 06:57:35,,1,,,,1,,1,1,,,1,,,,1,,,,,3,,2.77,,,,8.73,,2.59,7.71,,,0.23,,,,4.72,,,,,133.06,,,,
114,,,,,,2021-07-17,GP352F,G21_GP352F,,,1,,,,,,,,,,54,,9,43,,,3,,,,3,,,,,2021-07-17 08:55:10,,,,,,1,,1,1,,,1,,,,1,,,,,4,,,,,,9.13,,0.15,13.62,,,0.13,,,,1.84,,,,,19.63,,,,
,,,,,,2021-07-17,GP350F,G21_GP350F,,,,,,,,,,2,,,89,,,,,,,,,,5,,,,,2021-07-17 10:10:21,,,1,,,1,,,,,,,,,,1,,,,,5,,,0.42,,,10.3,,,,,,,,,,0.59,,,,,,,,,
,,,,,,2021-07-17,GP346F,G21_GP346F,,,,,,,,,,,,,26,,,,,,,,,,,,,,,2021-07-17 11:15:14,,,,,,1,,,,,,,,,,,,,,,6,,,,,,1.22,,,,,,,,,,,,,,,,,,,
,,,,,,2021-07-17,GP342F,G21_GP342F,,,,,,,,,,,,,53,,,,1,3,,,,,,,,,,2021-07-17 12:29:57,,,,,,1,,,,1,1,,,,,,,,,,7,,,,,,5.25,,,,0.08,0.03,,,,,,,,,,,,,,
,,,,,,2021-07-17,GP334F,G21_GP334F,,Measure Fish,,,,,,,,5,,,2,,,,,,,3,,,,,,,,2021-07-17 13:48:09,,,1,,,1,,,,,,,1,,,,,,,,8,,,0.56,,,0.38,,,,,,,0.35,,,,,,,,,,,,
,,,,,,2021-07-17,GP323F,G21_GP323F,,,,,,,,,,2,,,118,,,,,,,1,,,,,,,,2021-07-17 15:23:52,,,1,,,1,,,,,,,1,,,,,,,,9,,,0.78,,,6.11,,,,,,,0.01,,,,,,,,,,,,
,,,,,,2021-07-17,GP325F,G21_GP325F,,,,,,,,,,,,,210,,,,,,,1,,,,,,,,2021-07-17 16:17:51,,,,,,1,,,,,,,1,,,,,,,,10,,,,,,13.65,,,,,,,0.11,,,,,,,,,,,,
,,,,,,2021-07-17,GP335F,G21_GP335F,,,,,,,,1,,2,,,81,,,,,,,,,,,,,,,2021-07-17 17:43:25,1,,1,,,1,,,,,,,,,,,,,,,11,0.02,,0.24,,,3.93,,,,,,,,,,,,,,,,,,,
,,,,,,2021-07-17,GP344F,G21_GP344F,,,,,,,,2,,9,,,20,,,,,,,,,,,,,,,2021-07-17 18:39:07,1,,1,,,1,,,,,,,,,,,,,,,12,0.01,,0.82,,,2.13,,,,,,,,,,,,,,,,,,,
46,,,,,,2021-07-17,GP341F,G21_GP341F,,,1,,,,,,,10,,,77,,3,6,,1,,,1,,47,,,,,2021-07-17 19:55:04,,,1,,,1,,1,1,,1,,,1,,1,,,,,13,,,4.18,,,15.34,,0.15,1.41,,0.17,,,0.02,,20.48,,,,,17.15,,,,
,,,,,,2021-07-18,GP331F,G21_GP331F,,,,,,,,1,,,,,149,,,,,1,,,1,,,,,,,2021-07-18 05:00:32,1,,,,,1,,,,,1,,,1,,,,,,,1,0.01,,,,,4.83,,,,,0.01,,,0.06,,,,,,,,,,,
,,,,,,2021-07-18,GP326F,G21_GP326F,,,,,,,,,,,,,171,,,,,4,,8,,,,,,,,2021-07-18 05:47:53,,,,,,1,,,,,1,,1,,,,,,,,2,,,,,,8.59,,,,,0.02,,0.29,,,,,,,,,,,,
,,,,,,2021-07-18,GP315F,G21_GP315F,,Measure Fish,,,,,,,,,,,,,,,,,,,,,,,,,,2021-07-18 06:36:29,,,,,,,,,,,,,,,,,,,,,3,,,,,,,,,,,,,,,,,,,,,,,,,
,,,,,,2021-07-18,GP315A1,G21_GP315A1,,Measure Fish,,,,,,,,1,,,1,,,,,,,2,,,,,,,,2021-07-18 07:41:01,,,1,,,1,,,,,,,1,,,,,,,,4,,,0.26,,,0.12,,,,,,,0.11,,,,,,,,,,,,
,,,,,,2021-07-18,GP324F,G21_GP324F,,Measure Fish,,,,,,,,,,,,,,,,,,,,,,,,,,2021-07-18 08:44:38,,,,,,,,,,,,,,,,,,,,,5,,,,,,,,,,,,,,,,,,,,,,,,,
,,,,,,2021-07-18,GP324Fr,G21_GP324FR,,Measure Fish,,,,,,,,,,,,,,,,,,,,,,,,,,2021-07-18 09:34:45,,,,,,,,,,,,,,,,,,,,,6,,,,,,,,,,,,,,,,,,,,,,,,,
,,,,,,2021-07-18,GP324A1,G21_GP324A1,,Measure Fish,,,,,,,,,,,52,,,,,2,,2,,,,,,,,2021-07-18 10:16:09,,,,,,1,,,,,1,,1,,,,,,,,7,,,,,,1.39,,,,,0.02,,0.08,,,,,,,,,,,,
1188,,,,,,2021-07-18,GP320F,G21_GP320F,,Measure Fish,1,,,,,,2,3,,,3,,60,16,,,2,,,,5,,,,,2021-07-18 11:12:52,,1,1,,,1,,1,1,,,1,,,,1,,,,,8,,17.08,5.65,,,0.63,,2.97,10.06,,,0.13,,,,1.75,,,,,199.65,,,,
2636,,,,,,2021-07-18,GP312F,G21_GP312F,,,1,,,,,,,,,,4,,38,10,,,2,,,,5,,,,,2021-07-18 13:43:16,,,,,,1,,1,1,,,1,,,,1,,,,,9,,,,,,0.74,,1.68,7.46,,,0.08,,,,1.58,,,,,474.22,,,,
,,,,,,2021-07-18,GP313F,G21_GP313F,,,,,,,,,,,,,23,,,,,1,,3,,,,,,,,2021-07-18 15:29:55,,,,,,1,,,,,1,,1,,,,,,,,10,,,,,,1.3,,,,,0.01,,0.13,,,,,,,,,,,,
,,,,,,2021-07-18,GP300F,G21_GP300F,,,,,,,,,,,,,,,,,,,,,,,,,,,,2021-07-18 16:47:48,,,,,,,,,,,,,,,,,,,,,11,,,,,,,,,,,,,,,,,,,,,,,,,
,,,,,,2021-07-18,GP300A1,G21_GP300A1,,,,,,,,,,,,,,,,,,,,,,,,,,,,2021-07-18 18:32:26,,,,,,,,,,,,,,,,,,,,,12,,,,,,,,,,,,,,,,,,,,,,,,,
,,,,,,2021-07-19,GP303F,G21_GP303F,,,,,,,,3,,1,,,6,,,,,,,72,,,,,,,,2021-07-19 05:08:59,1,,1,,,1,,,,,,,1,,,,,,,,1,0.01,,0.21,,,1.77,,,,,,,4.8,,,,,,,,,,,,
,,,,,,2021-07-19,GP287F,G21_GP287F,,Measure Fish,,,,,,,,1,,,1,,,,,,,4,,,,1,,,,2021-07-19 05:51:53,,,1,,,1,,,,,,,1,,,,1,,,,2,,,0.12,,,0.06,,,,,,,0.09,,,,0.03,,,,,,,,
,,,,,,2021-07-19,GP290F,G21_GP290F,,,,,,,,,,1,,,5,,,,1,,,18,,,,,,,,2021-07-19 06:37:00,,,1,,,1,,,,1,,,1,,,,,,,,3,,,0.09,,,0.52,,,,0.06,,,1.24,,,,,,,,,,,,
,,,,,,2021-07-19,GP295F,G21_GP295F,,,,,,,,,,4,,,20,,,,,,,5,,,,,,,,2021-07-19 07:29:14,,,1,,,1,,,,,,,1,,,,,,,,4,,,0.27,,,1.68,,,,,,,0.53,,,,,,,,,,,,
90,,,,,,2021-07-19,GP316F,G21_GP316F,,,1,,,,,,,,,,,,9,,,,,,,4,2,,,,,2021-07-19 08:14:35,,,,,,,,1,,,,,,,1,1,,,,,5,,,,,,,,0.58,,,,,,,1.05,1.19,,,,,18.11,,,,
249,,1,,,,2021-07-19,GP293F,G21_GP293F,,,1,,1,,,,,,,,1,,14,5,,,,,,1,1,,,,,2021-07-19 10:10:11,,,,,,1,,1,1,,,,,,1,1,,,,,6,,,,,,0.46,,0.61,4.08,,,,,,0.29,0.41,,,,,47.93,,0.08,,
1437,,,,,,2021-07-19,GP282F,G21_GP282F,,,1,,,,,,,,,,10,,36,9,,,,,,,2,,,,,2021-07-19 11:46:59,,,,,,1,,1,1,,,,,,,1,,,,,7,,,,,,2.52,,1.32,4.65,,,,,,,3.07,,,,,259.53,,,,
,,,,,,2021-07-19,GP273F,G21_GP273F,,,,,,,,,,12,,,26,,,,,,,1,,,1,,,,,2021-07-19 13:52:51,,,1,,,1,,,,,,,1,,,1,,,,,8,,,1.74,,,0.73,,,,,,,0.08,,,0.02,,,,,,,,,
258,,,,,,2021-07-19,GP260F,G21_GP260F,,Measure Fish,1,,,,,,,,,,105,,78,27,,,3,,,,28,,,,,2021-07-19 15:20:44,,,,,,1,,1,1,,,1,,,,1,,,,,9,,,,,,16.37,,2.74,7.73,,,0.17,,,,8.62,,,,,40.18,,,,
280,,,,,,2021-07-19,GP269F,G21_GP269F,,,1,,,,,,,,,,3,,66,3,,,,,,,1,,,,,2021-07-19 17:53:04,,,,,,1,,1,1,,,,,,,1,,,,,10,,,,,,0.77,,2.23,2.05,,,,,,,0.71,,,,,53.09,,,,
121,,,,,,2021-07-19,GP251F,G21_GP251F,,,1,,,,,,,6,,,37,,32,5,,,1,,,,15,,,,,2021-07-19 19:13:21,,,1,,,1,,1,1,,,1,,,,1,,,,,11,,,5.35,,,8.41,,1.04,1.86,,,0.03,,,,5.18,,,,,7.77,,,,
559,,,,,,2021-07-20,GP250F,G21_GP250F,,,1,,,,,,,,,,115,,50,11,,,6,,,,10,,,,1,2021-07-20 05:34:21,,,,,,1,,1,1,,,1,,,,1,,,,1,1,,,,,,16.47,,1.87,2.03,,,0.28,,,,3.81,,,,1.26,91.86,,,,
174,,,,,,2021-07-20,GP235F,G21_GP235F,,Measure Fish,1,,,,,,,,,,8,,24,4,,,,,,,7,,,,,2021-07-20 06:43:28,,,,,,1,,1,1,,,,,,,1,,,,,2,,,,,,1.78,,1,4.63,,,,,,,3.6,,,,,32.92,,,,
,,,,,,2021-07-20,GP237F,G21_GP237F,,,,,,,,,,,,,,,,,,,,,,,,,,,,2021-07-20 09:05:01,,,,,,,,,,,,,,,,,,,,,3,,,,,,,,,,,,,,,,,,,,,,,,,
,,,,,,2021-07-20,GP237A1,G21_GP237A1,,,,,,,,,,,,,,,,,,,,,,,,,,,,2021-07-20 10:09:29,,,,,,,,,,,,,,,,,,,,,4,,,,,,,,,,,,,,,,,,,,,,,,,
,,,,,,2021-07-20,GP237A2,G21_GP237A2,,,,,,,,,,,,,,,,,,,,,,,,,,,,2021-07-20 11:48:32,,,,,,,,,,,,,,,,,,,,,5,,,,,,,,,,,,,,,,,,,,,,,,,
1,,,,,,2021-07-20,GP237A3,G21_GP237A3,,,1,,,,,,,26,,,20,,,,,,,,,,36,,,,,2021-07-20 13:41:57,,,1,,,1,,,,,,,,,,1,,,,,6,,,8.12,,,2.57,,,,,,,,,,6.54,,,,,0.47,,,,
,,,,,,2021-07-20,GP207F,G21_GP207F,,Measure Fish,,,,,,,,,,,,,,,,,,,,,,,,,,2021-07-20 15:16:25,,,,,,,,,,,,,,,,,,,,,7,,,,,,,,,,,,,,,,,,,,,,,,,
,,,,,,2021-07-20,GP207A1,G21_GP207A1,,Measure Fish,,,,,,,,9,,,40,,,,,,,,,,,,,,,2021-07-20 16:23:37,,,1,,,1,,,,,,,,,,,,,,,8,,,1.95,,,3.67,,,,,,,,,,,,,,,,,,,
63,,,,,,2021-07-20,GP208F,G21_GP208F,,,1,,,,,1,,7,,,10,,,,,,,1,,,20,,,,4,2021-07-20 17:32:45,1,,1,,,1,,,,,,,1,,,1,,,,1,9,0.01,,2.13,,,3.3,,,,,,,0.11,,,6.5,,,,0.98,9.62,,,,
17,,,,,,2021-07-21,GP156F,G21_GP156F,,,1,,,,,,,,,,1,,3,,,1,1,,,1,1,,,,,2021-07-21 05:21:28,,,,,,1,,1,,,1,1,,,1,1,,,,,1,,,,,,0.49,,0.14,,,0.01,0.06,,,0.44,0.74,,,,,3.3,,,,
262,,,,,,2021-07-21,GP134F,G21_GP134F,,Measure Fish,1,,,,,,,3,,,71,,16,1,,,3,,,,15,,,,,2021-07-21 06:49:43,,,1,,,1,,1,1,,,1,,,,1,,,,,2,,,0.68,,,26.97,,0.78,0.14,,,0.24,,,,11.21,,,,,44.88,,,,
414,,,,,,2021-07-21,GP139F,G21_GP139F,,,1,,,,,,1,,,1,30,,12,2,,,2,,,,4,,,,,2021-07-21 09:36:14,,1,,,1,1,,1,1,,,1,,,,1,,,,,3,,3.28,,,0.41,8.49,,0.72,0.93,,,0.12,,,,2.01,,,,,80.44,,,,
390,,,,,,2021-07-21,GP121F,G21_GP121F,,,1,,,,,,,4,,,24,,17,8,,,4,,,,5,,,,,2021-07-21 10:56:50,,,1,,,1,,1,1,,,1,,,,1,,,,,4,,,1.09,,,2.86,,0.85,6.31,,,0.18,,,,6.13,,,,,67.88,,,,
388,,,,,,2021-07-21,GP142F,G21_GP142F,,,1,,,,,,,,,,4,,26,1,,,,,,5,5,,,,,2021-07-21 12:57:36,,,,,,1,,1,1,,,,,,1,1,,,,,5,,,,,,1.07,,1.03,0.42,,,,,,2.53,2.1,,,,,81.09,,,,
322,,,,,,2021-07-21,GP122F,G21_GP122F,,,1,,,,,,,,,,9,,55,4,,,5,,,,5,,,,,2021-07-21 15:30:23,,,,,,1,,1,1,,,1,,,,1,,,,,6,,,,,,14.71,,2.3,2.11,,,0.25,,,,5.13,,,,,65,,,,
482,,,,,,2021-07-21,GP109F,G21_GP109F,,,1,,,,,,,1,,,8,,6,20,,,2,,,,10,,,,,2021-07-21 17:09:12,,,1,,,1,,1,1,,,1,,,,1,,,,,7,,,0.82,,,2.15,,0.33,13.88,,,0.18,,,,4.98,,,,,97.46,,,,
52,,,,,,2021-07-21,GP120F,G21_GP120F,,Measure Fish,1,,,,,,,,,,9,,30,4,,,,,,6,7,,,,,2021-07-21 18:52:38,,,,,,1,,1,1,,,,,,1,1,,,,,8,,,,,,2.76,,1.4,1.36,,,,,,2.63,6.41,,,,,9.65,,,,
494,,,,,,2021-07-22,GP098F,G21_GP098F,,,1,,,,,,,,,,6,,38,2,,,,,,8,5,,,,,2021-07-22 06:24:47,,,,,,1,,1,1,,,,,,1,1,,,,,1,,,,,,0.92,,1.76,1.19,,,,,,4.61,6.27,,,,,104.02,,,,
426,,,,,,2021-07-22,GP081F,G21_GP081F,,,1,,,,,,,2,,,7,,9,1,,,1,,,,6,,,,,2021-07-22 06:56:42,,,1,,,1,,1,1,,,1,,,,1,,,,,2,,,0.41,,,2.68,,0.45,0.88,,,0.03,,,,1.93,,,,,83.69,,,,
487,,,,,,2021-07-22,GP085F,G21_GP085F,,Measure Fish,1,,,,,,,2,,,18,,10,21,,,,,,,9,,,,,2021-07-22 08:37:59,,,1,,,1,,1,1,,,,,,,1,,,,,3,,,0.36,,,5.53,,0.42,11.96,,,,,,,5.33,,,,,88.73,,,,
101,,,,,,2021-07-22,GP072F,G21_GP072F,,,1,,,,,,,154,,,18,,,,,,1,,,,12,1,,,,2021-07-22 10:32:53,,,1,,,1,,,,,,1,,,,1,1,,,,4,,,45.72,,,4.62,,,,,,0.05,,,,2.14,0.01,,,,17.05,,,,
13,,,,,,2021-07-22,GP078F,G21_GP078F,,Measure Fish,1,,,,,,,48,,,65,,,,,,,,,,3,,,,,2021-07-22 11:43:46,,,1,,,1,,,,,,,,,,1,,,,,5,,,22.68,,,16.3,,,,,,,,,,1.02,,,,,2.25,,,,
108,,,,,,2021-07-22,GP107F,G21_GP107F,,,1,,,,,,,66,,,37,,,,,,,,,,6,,,,,2021-07-22 13:55:42,,,1,,,1,,,,,,,,,,1,,,,,6,,,20.7,,,11.58,,,,,,,,,,1.72,,,,,25.48,,,,
,,,,,,2021-07-22,GP083F,G21_GP083F,,,,,,,,,,,,,,,,,,,,,,,,,,,,2021-07-22 14:58:01,,,,,,,,,,,,,,,,,,,,,7,,,,,,,,,,,,,,,,,,,,,,,,,
5,,,,,,2021-07-22,GP083A1,G21_GP083A1,,,1,,,,,,,49,,,13,,,,1,,,,,,9,,,,,2021-07-22 15:52:00,,,1,,,1,,,,1,,,,,,1,,,,,8,,,17.28,,,2.17,,,,0.02,,,,,,4.86,,,,,2.49,,,,
4,,,,,,2021-07-22,GP096F,G21_GP096F,,Measure Fish,1,,,,,1,,29,,,39,,,,,,,,,,15,,,,1,2021-07-22 18:15:04,1,,1,,,1,,,,,,,,,,1,,,,1,9,0.01,,11.94,,,13.44,,,,,,,,,,4.5,,,,0.01,0.27,,,,
,,,,,,2021-07-22,GP112F,G21_GP112F,,Measure Fish,,,,,,1,,41,,,49,,,,,,,,,,8,,,,,2021-07-22 19:37:52,1,,1,,,1,,,,,,,,,,1,,,,,10,0.01,,9.14,,,9.6,,,,,,,,,,3.11,,,,,,,,,
,,,,,,2021-07-23,GP115F,G21_GP115F,,,,,,,,,,14,,,36,,,,,,,,,,6,1,,,,2021-07-23 04:49:45,,,1,,,1,,,,,,,,,,1,1,,,,1,,,2.29,,,3.22,,,,,,,,,,0.8,0.02,,,,,,,,
,,,,,,2021-07-23,GP103F,G21_GP103F,,,,,,,,1,,27,,,74,,,,1,,,2,,,4,1,,,,2021-07-23 06:02:04,1,,1,,,1,,,,1,,,1,,,1,1,,,,2,0.01,,5.08,,,4.87,,,,0.6,,,0.32,,,0.42,0.01,,,,,,,,
,,,,,,2021-07-23,GP130F,G21_GP130F,,,,,,,,,,,,,,,,,,,,,,,,,,,,2021-07-23 07:27:57,,,,,,,,,,,,,,,,,,,,,3,,,,,,,,,,,,,,,,,,,,,,,,,
,,,,,,2021-07-23,GP130A1,G21_GP130A1,,,,,,,,,,2,,,28,,,,,,,1,,,,,,,,2021-07-23 08:18:36,,,1,,,1,,,,,,,1,,,,,,,,4,,,0.35,,,1.73,,,,,,,0.06,,,,,,,,,,,,
,,,,,,2021-07-23,GP152F,G21_GP152F,,,,,,,,,,1,,,79,,,,,,,,,,,,,,,2021-07-23 09:55:27,,,1,,,1,,,,,,,,,,,,,,,5,,,0.12,,,2.96,,,,,,,,,,,,,,,,,,,
,,,,,,2021-07-23,GP138F,G21_GP138F,,,,,,,,,,1,,,69,,,,,,,,,,,,,,,2021-07-23 12:08:34,,,1,,,1,,,,,,,,,,,,,,,6,,,0.18,,,3.47,,,,,,,,,,,,,,,,,,,
,,,,,,2021-07-23,GP165F,G21_GP165F,,,,,,,,,,,,,,,,,,,,,,,,,,,,2021-07-23 13:17:11,,,,,,,,,,,,,,,,,,,,,7,,,,,,,,,,,,,,,,,,,,,,,,,
,,,,,,2021-07-23,GP165A1,G21_GP165A1,,,,,,,,,,13,,,15,,,,,,,1,,,2,,,,,2021-07-23 14:18:30,,,1,,,1,,,,,,,1,,,1,,,,,8,,,2.38,,,1.16,,,,,,,0.01,,,0.27,,,,,,,,,
184,,,,,,2021-07-23,GP166F,G21_GP166F,,Measure Fish,1,,,,,,,5,,1,111,,37,13,,,,,,,31,,,,,2021-07-23 15:20:48,,,1,,1,1,,1,1,,,,,,,1,,,,,9,,,1.48,,0.28,24.51,,1.01,2.96,,,,,,,11.49,,,,,31.15,,,,
207,,,,,,2021-07-23,GP187F,G21_GP187F,,,1,,,,,,,,,,10,,36,,,,,,,,10,,,,,2021-07-23 16:50:17,,,,,,1,,1,,,,,,,,1,,,,,10,,,,,,3.79,,1.33,,,,,,,,3.14,,,,,40.57,,,,
2,,,,,,2021-07-23,GP203F,G21_GP203F,,,1,,,,,1,,7,,,26,,,,,,,1,,,9,1,,,,2021-07-23 19:20:01,1,,1,,,1,,,,,,,1,,,1,1,,,,11,0.01,,1.02,,,1.51,,,,,,,0.02,,,3.15,0.08,,,,0.36,,,,
,,,,,,2021-07-24,GP181F,G21_GP181F,,,,,,,,1,,3,,3,33,,,,,,,2,,,1,,,,1,2021-07-24 05:15:04,1,,1,,1,1,,,,,,,1,,,1,,,,1,1,0.01,,0.38,,0.13,2.82,,,,,,,0.02,,,0.24,,,,0.02,,,,,
,,,,,,2021-07-24,GP180F,G21_GP180F,,,,,,,,1,,,,1,42,,,,,,,1,,,,,,,,2021-07-24 06:03:43,1,,,,1,1,,,,,,,1,,,,,,,,2,0.01,,,,0.18,1.04,,,,,,,0.01,,,,,,,,,,,,
,,,,,,2021-07-24,GP153F,G21_GP153F,,,,,,,,2,,1,,4,31,,,,,,,3,,,,,,,,2021-07-24 07:12:55,1,,1,,1,1,,,,,,,1,,,,,,,,3,0.02,,0.28,,0.22,2.61,,,,,,,0.15,,,,,,,,,,,,
,,,,,,2021-07-24,GP169F,G21_GP169F,,,,,,,,,,,,,34,,,,,,,,,,,,,,,2021-07-24 08:53:25,,,,,,1,,,,,,,,,,,,,,,4,,,,,,1.45,,,,,,,,,,,,,,,,,,,
,,,,,,2021-07-24,GP185F,G21_GP185F,,,,,,,,,,38,,,89,,,,,,,,,,,,,,,2021-07-24 09:42:46,,,1,,,1,,,,,,,,,,,,,,,5,,,7.35,,,5.07,,,,,,,,,,,,,,,,,,,
,,,,,,2021-07-24,GP201F,G21_GP201F,,,,,,,,1,,2,,,51,,,,,,,2,,,,,,,,2021-07-24 10:57:15,1,,1,,,1,,,,,,,1,,,,,,,,6,0.01,,0.89,,,2.48,,,,,,,0.21,,,,,,,,,,,,
,,,,,,2021-07-24,GP227F,G21_GP227F,,,,,,,,,,4,,,41,,,,,,,,,,,,,,,2021-07-24 11:48:46,,,1,,,1,,,,,,,,,,,,,,,7,,,1.19,,,2.04,,,,,,,,,,,,,,,,,,,
,,,,,,2021-07-24,GP230F,G21_GP230F,,,,,,,,,,10,,,49,,,,,,,,,,,,,,,2021-07-24 13:55:42,,,1,,,1,,,,,,,,,,,,,,,8,,,1.68,,,2.71,,,,,,,,,,,,,,,,,,,
,,,,,,2021-07-24,GP249F,G21_GP249F,,Measure Fish,,,,,,,,,,,,,,,,,,,,,,,,,,2021-07-24 14:50:19,,,,,,,,,,,,,,,,,,,,,9,,,,,,,,,,,,,,,,,,,,,,,,,
,,,,,,2021-07-24,GP249A1,G21_GP249A1,,Measure Fish,,,,,,,,,,,,,,,,,,,,,,,,,,2021-07-24 15:38:41,,,,,,,,,,,,,,,,,,,,,10,,,,,,,,,,,,,,,,,,,,,,,,,
,,,,,,2021-07-24,GP249A2,G21_GP249A2,,Measure Fish,,,,,,2,,1,,,4,,,,1,,,6,,,,,,,,2021-07-24 16:45:03,1,,1,,,1,,,,1,,,1,,,,,,,,11,0.01,,0.05,,,0.25,,,,0.01,,,0.51,,,,,,,,,,,,
,,,,,,2021-07-24,GP243F,G21_GP243F,,,,,,,,2,,1,,,2,,,,,,,12,,,,,,,,2021-07-24 18:00:43,1,,1,,,1,,,,,,,1,,,,,,,,12,0.01,,0.08,,,0.11,,,,,,,1.01,,,,,,,,,,,,
,,,,,,2021-07-24,GP261F,G21_GP261F,,,,,,,,2,,,,,27,,,,,1,,23,,,,,,,,2021-07-24 19:00:10,1,,,,,1,,,,,1,,1,,,,,,,,13,0.01,,,,,0.61,,,,,0.01,,1,,,,,,,,,,,,
,,,,,,2021-07-24,GP257F,G21_GP257F,,,,,,,,,,,,,78,,,,,,,6,,,,,,,,2021-07-24 20:05:49,,,,,,1,,,,,,,1,,,,,,,,14,,,,,,3.08,,,,,,,0.12,,,,,,,,,,,,
,,,,,,2021-07-25,GP211F,G21_GP211F,,,,,,,,,,1,,1,179,,,,,,,11,,,,1,,,,2021-07-25 05:33:11,,,1,,1,1,,,,,,,1,,,,1,,,,1,,,0.14,,0.04,7.09,,,,,,,0.49,,,,0.08,,,,,,,,
,,,,,,2021-07-25,GP199F,G21_GP199F,,,,,,,,,,,,1,192,,,,,,,15,,,,,,,,2021-07-25 06:11:24,,,,,1,1,,,,,,,1,,,,,,,,2,,,,,0.11,13.02,,,,,,,1.41,,,,,,,,,,,,
,,,,,,2021-07-25,GP219F,G21_GP219F,,,,,,,,,,1,,1,151,,,,,,,7,,,,6,,,1,2021-07-25 07:33:44,,,1,,1,1,,,,,,,1,,,,1,,,1,3,,,0.63,,0.1,7.63,,,,,,,0.38,,,,0.17,,,0.02,,,,,
,,,,,,2021-07-25,GP212F,G21_GP212F,,,,,,,,,,,,,,,,,,,,,,,,,,,,2021-07-25 08:57:54,,,,,,,,,,,,,,,,,,,,,4,,,,,,,,,,,,,,,,,,,,,,,,,
,,,,,,2021-08-02,GP268F,G21_GP268F,,,,,,,,5,,13,,6,74,,,,,,,18,,,,,,,,2021-08-02 04:20:37,1,,1,,1,1,,,,,,,1,,,,,,,,1,0.02,,3.15,,0.91,3.25,,,,,,,0.44,,,,,,,,,,,,
,,,,,,2021-08-02,GP259F,G21_GP259F,,Measure Fish,,,,,,6,,36,,,37,,,,,,,18,,,,1,,,,2021-08-02 06:17:07,1,,1,,,1,,,,,,,1,,,,1,,,,2,0.03,,8.79,,,2.69,,,,,,,1.96,,,,0.04,,,,,,,,
,,,,,,2021-08-02,GP263F,G21_GP263F,,Measure Fish,,,,,,3,,3,,,160,,,,1,,,2,,,,,,,,2021-08-02 07:30:24,1,,1,,,1,,,,1,,,1,,,,,,,,3,0.05,,2.58,,,10.85,,,,0.46,,,0.06,,,,,,,,,,,,
,,,,,,2021-08-02,GP245F,G21_GP245F,,,,,,,,1,,8,,4,128,,,,,,,10,1,,,11,,,,2021-08-02 08:40:11,1,,1,,1,1,,,,,,,1,1,,,1,,,,4,0.01,,1.93,,0.37,6.71,,,,,,,0.42,0.07,,,0.3,,,,,,,,
,,,,,,2021-08-02,GP248F,G21_GP248F,,Measure Fish,,,,,,1,,3,,,649,,,,,,,,,,,1,,,,2021-08-02 09:43:55,1,,1,,,1,,,,,,,,,,,1,,,,5,0.03,,0.53,,,35.62,,,,,,,,,,,0.04,,,,,,,,
,,,,,,2021-08-02,GP265F,G21_GP265F,,Measure Fish,,,,,,3,,23,,,60,,,,1,,,10,2,,,,,,,2021-08-02 10:49:18,1,,1,,,1,,,,1,,,1,1,,,,,,,6,0.01,,3.58,,,3.78,,,,0.05,,,3.32,0.14,,,,,,,,,,,
,,,,,,2021-08-02,GP240F,G21_GP240F,,,,,,,,10,,26,,1,27,,,,,,,7,,,,,,,,2021-08-02 12:16:08,1,,1,,1,1,,,,,,,1,,,,,,,,7,0.03,,3.59,,0.04,1.48,,,,,,,0.9,,,,,,,,,,,,
,,,,,,2021-08-02,GP226F,G21_GP226F,,,,,,,,1,,4,,12,172,,,,,,,4,,,,8,,,,2021-08-02 13:29:44,1,,1,,1,1,,,,,,,1,,,,1,,,,8,0.01,,0.85,,2.34,9.78,,,,,,,0.42,,,,0.31,,,,,,,,
,,,,,,2021-08-02,GP233F,G21_GP233F,,,,,,,,2,,2,,2,254,,,,,,,3,,,,,,,,2021-08-02 14:55:57,1,,1,,1,1,,,,,,,1,,,,,,,,9,0.07,,0.32,,1.06,17.16,,,,,,,0.45,,,,,,,,,,,,
,,,,,,2021-08-02,GP220F,G21_GP220F,,,,,,,,,,1,,,123,,,,,,,2,,,,,,,,2021-08-02 16:14:29,,,1,,,1,,,,,,,1,,,,,,,,10,,,0.32,,,5.48,,,,,,,0.13,,,,,,,,,,,,
,,,,,,2021-08-02,GP234F,G21_GP234F,,Measure Fish,,,,,,,,29,,2,26,,,,,,,6,,,,1,,,,2021-08-02 17:28:55,,,1,,1,1,,,,,,,1,,,,1,,,,11,,,5.16,,0.13,1.06,,,,,,,0.38,,,,0.02,,,,,,,,
,,,,,,2021-08-02,GP214F,G21_GP214F,,,,,,,,,,,,,,,,,,,,,,,,,,,,2021-08-02 19:03:06,,,,,,,,,,,,,,,,,,,,,12,,,,,,,,,,,,,,,,,,,,,,,,,
,,,,,,2021-08-03,GP214A1,G21_GP214A1,,,,,,,,,,,,,,,,,,,,,,,,,,,,2021-08-03 05:26:02,,,,,,,,,,,,,,,,,,,,,1,,,,,,,,,,,,,,,,,,,,,,,,,
,,,,,,2021-08-03,GP214A2,G21_GP214A2,,,,,,,,,,10,,1,17,,,,,,,3,,,,,,,,2021-08-03 06:54:53,,,1,,1,1,,,,,,,1,,,,,,,,2,,,1.22,,0.27,2.32,,,,,,,0.83,,,,,,,,,,,,
,,,,,,2021-08-03,GP192F,G21_GP192F,,,,,,,,,,111,,1,27,,,,,,,2,,,,,,,,2021-08-03 07:15:57,,,1,,1,1,,,,,,,1,,,,,,,,3,,,16.42,,0.12,2.22,,,,,,,1.22,,,,,,,,,,,,
,,,,,,2021-08-03,GP189F,G21_GP189F,,,,,,,,1,,16,,,22,,,,,,,3,,,,1,,,,2021-08-03 08:42:02,1,,1,,,1,,,,,,,1,,,,1,,,,4,0.01,,2.63,,,1.93,,,,,,,0.2,,,,0.06,,,,,,,,
,,,,,,2021-08-03,GP197F,G21_GP197F,,,,,,,,,,,,,,,,,,,,,,,,,,,,2021-08-03 09:44:04,,,,,,,,,,,,,,,,,,,,,5,,,,,,,,,,,,,,,,,,,,,,,,,
,,,,,,2021-08-03,GP197A1,G21_GP197A1,,,,,,,,,,,,,,,,,,,,,,,,,,,,2021-08-03 10:27:05,,,,,,,,,,,,,,,,,,,,,6,,,,,,,,,,,,,,,,,,,,,,,,,
,,,,,,2021-08-03,GP197A2,G21_GP197A2,,,,,,,,,,9,,3,136,,,,,,,,,,,,,,,2021-08-03 11:32:32,,,1,,1,1,,,,,,,,,,,,,,,7,,,1.52,,1.12,7.68,,,,,,,,,,,,,,,,,,,
,,,,,,2021-08-03,GP202F,G21_GP202F,,,,,,,,,,,,,,,,,,,,,,,,,,,,2021-08-03 13:18:40,,,,,,,,,,,,,,,,,,,,,8,,,,,,,,,,,,,,,,,,,,,,,,,
,,,,,,2021-08-03,GP202A1,G21_GP202A1,,,,,,,,2,,4,,4,110,,,,,,,3,,,,1,,,,2021-08-03 14:18:09,1,,1,,1,1,,,,,,,1,,,,1,,,,9,0.01,,0.82,,0.66,5.13,,,,,,,0.37,,,,0.08,,,,,,,,
,,,,,,2021-08-03,GP206F,G21_GP206F,,,,,,,,2,,1,,1,409,,,,,,,,,,,,,,,2021-08-03 15:12:18,1,,1,,1,1,,,,,,,,,,,,,,,10,0.08,,0.17,,1.01,20.02,,,,,,,,,,,,,,,,,,,
,,,,,,2021-08-03,GP198F,G21_GP198F,,,,,,,,,,2,,2,241,,,,,,,3,,,,2,,,,2021-08-03 16:22:42,,,1,,1,1,,,,,,,1,,,,1,,,,11,,,0.35,,0.49,17.17,,,,,,,0.28,,,,0.08,,,,,,,,
,,,,,,2021-08-03,GP191F,G21_GP191F,,,,,,,,,,3,,17,114,,,,,,,4,,,,21,,,,2021-08-03 17:43:29,,,1,,1,1,,,,,,,1,,,,1,,,,12,,,0.93,,3.13,9.08,,,,,,,0.46,,,,0.68,,,,,,,,
,,,,,,2021-08-03,GP179F,G21_GP179F,,Measure Fish,,,,,,,,3,,1,821,,,,,,,2,,,,,,,,2021-08-03 19:10:45,,,1,,1,1,,,,,,,1,,,,,,,,13,,,0.42,,0.44,38.36,,,,,,,0.34,,,,,,,,,,,,
,,,,,,2021-08-04,GP176F,G21_GP176F,,,,,,,,3,,2,,2,1105,,,,,,,1,,,,,,,,2021-08-04 05:30:40,1,,1,,1,1,,,,,,,1,,,,,,,,1,0.12,,0.44,,0.45,48.98,,,,,,,0.02,,,,,,,,,,,,
,,,,,,2021-08-04,GP158F,G21_GP158F,,,,,,,,1,,1,,3,676,,,,,,,,,,,,,,,2021-08-04 06:29:53,1,,1,,1,1,,,,,,,,,,,,,,,2,0.03,,0.22,,1.04,31.27,,,,,,,,,,,,,,,,,,,
,,,,,,2021-08-04,GP149F,G21_GP149F,,,,,,,,,,1,,,649,,,,,,,,,,,,,,,2021-08-04 08:01:59,,,1,,,1,,,,,,,,,,,,,,,3,,,0.14,,,24.95,,,,,,,,,,,,,,,,,,,
,,,,,,2021-08-04,GP127F,G21_GP127F,,,,,,,,1,,1,,5,256,,,,,,,2,,,,,,,,2021-08-04 09:01:26,1,,1,,1,1,,,,,,,1,,,,,,,,4,0.01,,0.28,,2.28,15.68,,,,,,,0.15,,,,,,,,,,,,
,,,,,,2021-08-04,GP123F,G21_GP123F,,Measure Fish,,,,,,,,,,,171,,,,,,,,,,,,,,,2021-08-04 10:28:19,,,,,,1,,,,,,,,,,,,,,,5,,,,,,7.57,,,,,,,,,,,,,,,,,,,
,,,,,,2021-08-04,GP147F,G21_GP147F,,,,,,,,2,,3,,1,468,,,,,,,3,,,,,,,,2021-08-04 11:44:09,1,,1,,1,1,,,,,,,1,,,,,,,,6,0.07,,0.64,,0.32,25.33,,,,,,,0.28,,,,,,,,,,,,
,,,,,,2021-08-04,GP159F,G21_GP159F,,Measure Fish,,,,,,2,,1,,,284,,,,,,,1,1,,,,,,,2021-08-04 12:44:10,1,,1,,,1,,,,,,,1,1,,,,,,,7,0.01,,0.3,,,10.54,,,,,,,0.03,0.05,,,,,,,,,,,
,,,,,,2021-08-04,GP184F,G21_GP184F,,,,,,,,,,3,,,208,,,,,,,4,,,,,,,,2021-08-04 14:07:35,,,1,,,1,,,,,,,1,,,,,,,,8,,,0.44,,,9.35,,,,,,,0.83,,,,,,,,,,,,
,,,,,,2021-08-04,GP174F,G21_GP174F,,,,,,,,1,,34,,1,12,,,,,,,1,,,,1,,,1,2021-08-04 14:59:21,1,,1,,1,1,,,,,,,1,,,,1,,,1,9,0.01,,5.43,,0.55,0.7,,,,,,,0.01,,,,0.03,,,0.8,,,,,
,,,,,,2021-08-04,GP170F,G21_GP170F,,,,,,,,,,3,,,47,,,,,,,,1,,,,,,,2021-08-04 16:43:00,,,1,,,1,,,,,,,,1,,,,,,,10,,,0.48,,,3.05,,,,,,,,0.1,,,,,,,,,,,
,,,,,,2021-08-04,GP162F,G21_GP162F,,,,,,,,,,2,,5,125,,,,,,,1,,,,,,,,2021-08-04 17:40:39,,,1,,1,1,,,,,,,1,,,,,,,,11,,,0.17,,1.26,5.69,,,,,,,0.16,,,,,,,,,,,,
,,,,,,2021-08-04,GP154F,G21_GP154F,,,,,,,,,,,,,,,,,,,,,,,,,,,,2021-08-04 18:42:06,,,,,,,,,,,,,,,,,,,,,12,,,,,,,,,,,,,,,,,,,,,,,,,
,,,,,,2021-08-05,GP154A1,G21_GP154A1,,,,,,,,,,,,,,,,,,,,,,,,,,,,2021-08-05 05:05:06,,,,,,,,,,,,,,,,,,,,,1,,,,,,,,,,,,,,,,,,,,,,,,,
,,,,,,2021-08-05,GP154A2,G21_GP154A2,,,,,,,,1,,8,,1,140,,,,,,,1,,,,,,,,2021-08-05 06:01:38,1,,1,,1,1,,,,,,,1,,,,,,,,2,0.01,,0.85,,0.01,6.63,,,,,,,0.01,,,,,,,,,,,,
,,,,,,2021-08-05,GP133F,G21_GP133F,,,,,,,,,,2,,,156,,,,,,,1,,,,,,,,2021-08-05 07:32:05,,,1,,,1,,,,,,,1,,,,,,,,3,,,0.31,,,6.28,,,,,,,0.11,,,,,,,,,,,,
,,,,,,2021-08-05,GP141F,G21_GP141F,,,,,,,,3,,1,,1,161,,,,,,,1,,,,,,,,2021-08-05 08:54:12,1,,1,,1,1,,,,,,,1,,,,,,,,4,0.01,,0.09,,0.27,6.2,,,,,,,0.03,,,,,,,,,,,,
,,,,,,2021-08-05,GP128F,G21_GP128F,,,,,,,,,,,,,,,,,,,,,,,,,,,,2021-08-05 09:39:18,,,,,,,,,,,,,,,,,,,,,5,,,,,,,,,,,,,,,,,,,,,,,,,
,,,,,,2021-08-05,GP128A1,G21_GP128A1,,,,,,,,,,,,,139,,,,,,,1,,,,,,,,2021-08-05 10:37:47,,,,,,1,,,,,,,1,,,,,,,,6,,,,,,7.5,,,,,,,0.37,,,,,,,,,,,,
,,,,,,2021-08-06,GP099F,G21_GP099F,,,,,,,,,,,,,186,,,,,,,,,,,,,,,2021-08-06 05:17:50,,,,,,1,,,,,,,,,,,,,,,1,,,,,,8.35,,,,,,,,,,,,,,,,,,,
,,,,,,2021-08-06,GP094F,G21_GP094F,,Measure Fish,,,,,,,,19,,,28,,,,,,,,,,,,,,,2021-08-06 06:30:23,,,1,,,1,,,,,,,,,,,,,,,2,,,2.85,,,1.82,,,,,,,,,,,,,,,,,,,
,,,,,,2021-08-06,GP077F,G21_GP077F,,Measure Fish,,,,,,1,,6,,1,103,,,,,,,10,,,,,,,,2021-08-06 07:45:25,1,,1,,1,1,,,,,,,1,,,,,,,,3,0.01,,0.52,,0.02,5.99,,,,,,,0.17,,,,,,,,,,,,
,,,,,,2021-08-06,GP084F,G21_GP084F,,,,,,,,,,,,1,146,,,,,,,,,,,,,,,2021-08-06 09:19:06,,,,,1,1,,,,,,,,,,,,,,,4,,,,,0.34,7.53,,,,,,,,,,,,,,,,,,,
,,,,,,2021-08-06,GP113F,G21_GP113F,,,,,,,,,,,,,,,,,,,,,,,,,,,,2021-08-06 09:57:08,,,,,,,,,,,,,,,,,,,,,5,,,,,,,,,,,,,,,,,,,,,,,,,
,,,,,,2021-08-06,GP113A1,G21_GP113A1,,,,,,,,,,,,,,,,,,,,,,,,,,,,2021-08-06 10:52:05,,,,,,,,,,,,,,,,,,,,,6,,,,,,,,,,,,,,,,,,,,,,,,,
,,,,,,2021-08-06,GP113A2,G21_GP113A2,,,,,,,,,,14,,,19,,,,,,,1,,,,1,,,,2021-08-06 12:09:46,,,1,,,1,,,,,,,1,,,,1,,,,7,,,2.38,,,1.22,,,,,,,0.17,,,,0.01,,,,,,,,
,,,,,,2021-08-06,GP106F,G21_GP106F,,,,,,,,,,,,,,,,,,,,,,,,,,,,2021-08-06 13:21:18,,,,,,,,,,,,,,,,,,,,,8,,,,,,,,,,,,,,,,,,,,,,,,,
,,,,,,2021-08-06,GP106A1,G21_GP106A1,,,,,,,,,,,,,,,,,,,,,,,,,,,,2021-08-06 14:32:29,,,,,,,,,,,,,,,,,,,,,9,,,,,,,,,,,,,,,,,,,,,,,,,
,,,,,,2021-08-06,GP106A2,G21_GP106A2,,,,,,,,,,,,,,,,,,,,,,,,,,,,2021-08-06 16:12:59,,,,,,,,,,,,,,,,,,,,,10,,,,,,,,,,,,,,,,,,,,,,,,,
,,,,,,2021-08-06,GP125F,G21_GP125F,,,,,,,,,,1,,1,234,,,,,,,,,,,,,,,2021-08-06 17:14:26,,,1,,1,1,,,,,,,,,,,,,,,11,,,0.29,,0.14,11.94,,,,,,,,,,,,,,,,,,,
,,,,,,2021-08-06,GP150F,G21_GP150F,,,,,,,,,,3,,1,132,,,,,,,7,,,,7,,,,2021-08-06 19:03:54,,,1,,1,1,,,,,,,1,,,,1,,,,12,,,0.6,,0.03,6.62,,,,,,,0.69,,,,0.25,,,,,,,,
,,,,,,2021-08-07,GP124F,G21_GP124F,,,,,,,,1,,13,,3,423,,,,,,,1,,,,,,,,2021-08-07 04:50:38,1,,1,,1,1,,,,,,,1,,,,,,,,1,0.02,,3.46,,0.94,31.36,,,,,,,0.01,,,,,,,,,,,,
,,,,,,2021-08-07,GP105F,G21_GP105F,,Measure Fish,,,,,,,,,,,,,,,,,,,,,,,,,,2021-08-07 06:31:12,,,,,,,,,,,,,,,,,,,,,2,,,,,,,,,,,,,,,,,,,,,,,,,
,,,,,,2021-08-07,GP105A1,G21_GP105A1,,Measure Fish,,,,,,,,,,,,,,,,,,,,,,,,,,2021-08-07 07:13:18,,,,,,,,,,,,,,,,,,,,,3,,,,,,,,,,,,,,,,,,,,,,,,,
,,,,,,2021-08-07,GP105A2,G21_GP105A2,,Measure Fish,,,,,,,,1,,3,268,,,,,,,10,,,,1,,,,2021-08-07 08:40:56,,,1,,1,1,,,,,,,1,,,,1,,,,4,,,0.19,,1.02,16.88,,,,,,,0.23,,,,0.04,,,,,,,,
,,,,,,2021-08-07,GP080F,G21_GP080F,,,,,,,,,,,,,,,,,,,,,,,,,,,,2021-08-07 10:28:12,,,,,,,,,,,,,,,,,,,,,5,,,,,,,,,,,,,,,,,,,,,,,,,
,,,,,,2021-08-07,GP080A1,G21_GP080A1,,,,,,,,1,,5,,1,17,,,,1,,,3,1,,,7,,,,2021-08-07 11:22:36,1,,1,,1,1,,,,1,,,1,1,,,1,,,,6,0.01,,0.82,,0.19,1.87,,,,0.08,,,0.3,0.38,,,0.19,,,,,,,,
,,,,,,2021-08-07,GP088F,G21_GP088F,,,,,,,,,,,,,,,,,,,,,,,,,,,,2021-08-07 12:47:59,,,,,,,,,,,,,,,,,,,,,7,,,,,,,,,,,,,,,,,,,,,,,,,
,,,,,,2021-08-07,GP088A1,G21_GP088A1,,,,,,,,,,,,,,,,,,,,,,,,,,,,2021-08-07 13:51:20,,,,,,,,,,,,,,,,,,,,,8,,,,,,,,,,,,,,,,,,,,,,,,,
1,,,,,,2021-08-07,GP088A2,G21_GP088A2,,,1,,,,,,,8,,,4,,,,,,,1,,,,2,,,,2021-08-07 17:07:01,,,1,,,1,,,,,,,1,,,,1,,,,9,,,1.93,,,0.31,,,,,,,0.09,,,,0.1,,,,0.02,,,,
,,,,,,2021-08-07,GP068F,G21_GP068F,,Measure Fish,,,,,,,,1,,,111,,,,,,,,,,,,,,,2021-08-07 17:25:10,,,1,,,1,,,,,,,,,,,,,,,10,,,0.26,,,3.84,,,,,,,,,,,,,,,,,,,
,,,,,,2021-08-07,GP076F,G21_GP076F,,,,,,,,,,,,,147,,,,,,,1,,,,,,,,2021-08-07 18:43:38,,,,,,1,,,,,,,1,,,,,,,,11,,,,,,11.16,,,,,,,0.01,,,,,,,,,,,,
,,,,,,2021-08-07,GP061F,G21_GP061F,,Measure Fish,,,,,,,,1,,,134,,,,,,,,,,,,,,,2021-08-07 19:51:43,,,1,,,1,,,,,,,,,,,,,,,12,,,0.14,,,7.52,,,,,,,,,,,,,,,,,,,
1,,,,,,2021-08-08,GP049F,G21_GP049F,,,1,,,,,2,,6,,,40,,,,,,,3,,,,1,,,,2021-08-08 05:18:34,1,,1,,,1,,,,,,,1,,,,1,,,,1,0.01,,1.18,,,1.61,,,,,,,0.39,,,,0.02,,,,0.01,,,,
,,,,,,2021-08-08,GP036F,G21_GP036F,,Measure Fish,,,,,,3,,1,,,88,,,,,,,9,,,,,,,,2021-08-08 06:29:19,1,,1,,,1,,,,,,,1,,,,,,,,2,0.01,,0.01,,,4.31,,,,,,,0.4,,,,,,,,,,,,
,,,,,,2021-08-08,GP026F,G21_GP026F,,Measure Fish,,,,,,10,,,,,81,,,,,,,3,1,,,1,,,,2021-08-08 08:38:09,1,,,,,1,,,,,,,1,1,,,1,,,,3,0.03,,,,,3.03,,,,,,,0.13,0.05,,,0.01,,,,,,,,
,,,1,,,2021-08-08,GP024F,G21_GP024F,,,,,,1,,,,1,,,29,,,,,,,13,4,,,1,,,,2021-08-08 09:53:53,,,1,,,1,,,,,,,1,1,,,1,,,,4,,,0.03,,,1,,,,,,,0.7,0.28,,,0.01,,,,,,,0.06,
,,,,,,2021-08-08,GP016F,G21_GP016F,,Measure Fish,,,,,,3,,,,,221,,,,,,,7,2,,,,,,,2021-08-08 11:05:05,1,,,,,1,,,,,,,1,1,,,,,,,5,0.01,,,,,61.92,,,,,,,0.18,0.18,,,,,,,,,,,
,,,,,,2021-08-08,GP019F,G21_GP019F,,,,,,,,,,,,,39,,,,,,,,,,,,,,,2021-08-08 13:01:07,,,,,,1,,,,,,,,,,,,,,,6,,,,,,3.05,,,,,,,,,,,,,,,,,,,
,,,,,,2021-08-08,GP023F,G21_GP023F,,,,,,,,,,,,,33,,,,,,,1,,,,15,,,,2021-08-08 14:32:56,,,,,,1,,,,,,,1,,,,1,,,,7,,,,,,1.62,,,,,,,0.04,,,,0.2,,,,,,,,
,,,,,,2021-08-08,GP025F,G21_GP025F,,,,,,,,2,,,,,6,,,,,,,18,3,,,5,,,,2021-08-08 15:24:08,1,,,,,1,,,,,,,1,1,,,1,,,,8,0.01,,,,,0.29,,,,,,,0.81,0.1,,,0.06,,,,,,,,
,,,,,,2021-08-08,GP044F,G21_GP044F,,,,,,,,,,1,,,8,,,,,,,8,,,,,,,,2021-08-08 16:41:29,,,1,,,1,,,,,,,1,,,,,,,,9,,,0.13,,,0.55,,,,,,,0.28,,,,,,,,,,,,
,,,,,,2021-08-08,GP046F,G21_GP046F,,,,,,,,4,,,,,102,,,,,,,1,,,,,,,,2021-08-08 18:03:21,1,,,,,1,,,,,,,1,,,,,,,,10,0.01,,,,,3.86,,,,,,,0.02,,,,,,,,,,,,
,,,,,,2021-08-08,GP067F,G21_GP067F,,,,,,,,,,,,,72,,,,1,,,2,,,,1,,,,2021-08-08 19:16:41,,,,,,1,,,,1,,,1,,,,1,,,,11,,,,,,5.81,,,,0.09,,,0.07,,,,0.01,,,,,,,,
,,,,,,2021-08-09,GP048F,G21_GP048F,,,,,,,,,,,,,97,,,,,,,8,,,,,,,,2021-08-09 05:45:47,,,,,,1,,,,,,,1,,,,,,,,1,,,,,,5.05,,,,,,,0.31,,,,,,,,,,,,
,,,,,,2021-08-09,GP066F,G21_GP066F,,,,,,,,,,,,,176,,,,,,,,,,,4,,,,2021-08-09 06:25:16,,,,,,1,,,,,,,,,,,1,,,,2,,,,,,11.71,,,,,,,,,,,0.05,,,,,,,,
,,,,,,2021-08-09,GP050F,G21_GP050F,,,,,,,,,,,,,,,,,,,,,,,,,,,,2021-08-09 07:22:45,,,,,,,,,,,,,,,,,,,,,3,,,,,,,,,,,,,,,,,,,,,,,,,
,,,,,,2021-08-09,GP050A1,G21_GP050A1,,,,,,,,,,,,1,30,,,,,83,,,1,,,1,,,,2021-08-09 08:54:34,,,,,1,1,,,,,1,,,1,,,1,,,,4,,,,,0.12,1.9,,,,,0.6,,,0.02,,,0.02,,,,,,,,
,,,,,,2021-08-09,GP047F,G21_GP047F,,Measure Fish,,,,,,2,,1,,,113,,,,,,,2,,,,,,,,2021-08-09 10:10:15,1,,1,,,1,,,,,,,1,,,,,,,,5,0.01,,0.11,,,5.36,,,,,,,0.21,,,,,,,,,,,,
,,,,,,2021-08-09,GP032F,G21_GP032F,,Measure Fish,,,,,,1,,1,,,59,,,,,,,6,,,,3,,,,2021-08-09 11:34:22,1,,1,,,1,,,,,,,1,,,,1,,,,6,0.01,,0.9,,,2.82,,,,,,,0.36,,,,0.01,,,,,,,,
,,,,,,2021-08-09,GP028F,G21_GP028F,,,,,,,,,,,,,61,,,,,,,7,1,,,,,,,2021-08-09 13:27:43,,,,,,1,,,,,,,1,1,,,,,,,7,,,,,,4.62,,,,,,,0.19,0.28,,,,,,,,,,,
,,,,,,2021-08-09,GP018F,G21_GP018F,,,,,,,,4,,,,,88,,,,1,,,22,3,,,,,,,2021-08-09 14:16:34,1,,,,,1,,,,1,,,1,1,,,,,,,8,0.01,,,,,4.4,,,,0.01,,,1.22,0.13,,,,,,,,,,,
,,,,,,2021-08-09,GP022F,G21_GP022F,,,,,,,,,,,,,,,,,,,,,,,,,,,,2021-08-09 15:24:33,,,,,,,,,,,,,,,,,,,,,9,,,,,,,,,,,,,,,,,,,,,,,,,
2,,,,,,2021-08-09,GP022A1,G21_GP022A1,,,1,,,,,1,,,,,25,,,,,,,1,,,,2,,,,2021-08-09 16:38:54,1,,,,,1,,,,,,,1,,,,1,,,,10,0.01,,,,,1.41,,,,,,,0.03,,,,0.06,,,,0.1,,,,
,,,,,,2021-08-09,GP031F,G21_GP031F,,Measure Fish,,,,,,,,5,,,144,,,,,,,9,,,,,,,,2021-08-09 18:57:58,,,1,,,1,,,,,,,1,,,,,,,,11,,,0.58,,,9.72,,,,,,,1.57,,,,,,,,,,,,
,,,,,,2021-08-10,GP030F,G21_GP030F,,,,,,,,1,,,,,248,,,,,,,2,,,,,,,,2021-08-10 06:05:34,1,,,,,1,,,,,,,1,,,,,,,,1,0.05,,,,,16.32,,,,,,,0.06,,,,,,,,,,,,
,,,,,,2021-08-10,GP040F,G21_GP040F,,,,,,,,,,,,,193,,,,,,,1,1,,,,,,,2021-08-10 06:33:14,,,,,,1,,,,,,,1,1,,,,,,,2,,,,,,13.72,,,,,,,0.03,0.49,,,,,,,,,,,
,,,,,,2021-08-10,GP042F,G21_GP042F,,,,,,,,1,,1,,,138,,,,,,,,,,,1,,,,2021-08-10 07:27:52,1,,1,,,1,,,,,,,,,,,1,,,,3,0.08,,0.01,,,10.28,,,,,,,,,,,0.01,,,,,,,,
,,,,,,2021-08-10,GP041F,G21_GP041F,,,,,,,,7,,,,3,168,,,,,,,3,1,,,2,,,,2021-08-10 08:40:48,1,,,,1,1,,,,,,,1,1,,,1,,,,4,0.15,,,,0.41,15.71,,,,,,,0.45,0.05,,,0.02,,,,,,,,
,,,,,,2021-08-10,GP052F,G21_GP052F,,,,,,,,5,,1,,,356,,,,,,,5,,,,1,,,,2021-08-10 09:54:12,1,,1,,,1,,,,,,,1,,,,1,,,,5,0.13,,0.31,,,20.53,,,,,,,0.13,,,,0.01,,,,,,,,
,,,,,,2021-08-10,GP051F,G21_GP051F,,Measure Fish,,,,,,2,,1,,,258,,,,,,,,,,,,,,,2021-08-10 12:03:49,1,,1,,,1,,,,,,,,,,,,,,,6,0.03,,0.27,,,26.14,,,,,,,,,,,,,,,,,,,
,,,,,,2021-08-10,GP069F,G21_GP069F,,,,,,,,2,,87,,,65,,,,,,,8,,,,,,,,2021-08-10 13:43:32,1,,1,,,1,,,,,,,1,,,,,,,,7,0.02,,20.38,,,6.43,,,,,,,0.36,,,,,,,,,,,,
,,,,,,2021-08-10,GP062F,G21_GP062F,,,,,,,,1,,11,,,59,,,,,1,,1,,,,,,,,2021-08-10 14:55:34,1,,1,,,1,,,,,1,,1,,,,,,,,8,0.01,,2.48,,,5.42,,,,,0.01,,0.02,,,,,,,,,,,,
,,,,,,2021-08-10,GP045F,G21_GP045F,,Measure Fish,,,,,,1,,2,,,116,,,,,,,,,,,,,,,2021-08-10 16:14:56,1,,1,,,1,,,,,,,,,,,,,,,9,0.02,,0.44,,,9.55,,,,,,,,,,,,,,,,,,,
,,,,,,2021-08-10,GP039F,G21_GP039F,,,,,,,,,,,,,,,,,,,,,,,,,,,,2021-08-10 18:03:41,,,,,,,,,,,,,,,,,,,,,10,,,,,,,,,,,,,,,,,,,,,,,,,
,,,,,,2021-08-10,GP039A1,G21_GP039A1,,,,,,,,,,,,,,,,,,,,,,,,,,,,2021-08-10 18:54:01,,,,,,,,,,,,,,,,,,,,,11,,,,,,,,,,,,,,,,,,,,,,,,,
,,,,,,2021-08-11,GP053F,G21_GP053F,,,,,,,,7,,28,,1,156,,,,,2,,,,,,,,,,2021-08-11 05:35:03,1,,1,,1,1,,,,,1,,,,,,,,,,1,0.18,,6.16,,0.14,14.74,,,,,0.27,,,,,,,,,,,,,,
,,,,,,2021-08-11,GP043F,G21_GP043F,,Measure Fish,,,,,,,,,,,,,,,,,,,,,,,,,,2021-08-11 06:41:51,,,,,,,,,,,,,,,,,,,,,2,,,,,,,,,,,,,,,,,,,,,,,,,
,,,,,,2021-08-11,GP043A1,G21_GP043A1,,Measure Fish,,,,,,,,5,,,2,,,,,,,5,,,,,,,,2021-08-11 07:14:58,,,1,,,1,,,,,,,1,,,,,,,,3,,,0.84,,,0.24,,,,,,,0.84,,,,,,,,,,,,
,,,,,,2021-08-16,GP009F,G21_GP009F,,Measure Fish,,,,,,12,,10,,,17,,,,,,,3,1,,,1,,,,2021-08-16 17:53:03,1,,1,,,1,,,,,,,1,1,,,1,,,,1,0.04,,0.99,,,0.43,,,,,,,0.25,0.001,,,0.01,,,,,,,,
,,,,,,2021-08-16,GP011F,G21_GP011F,,Measure Fish,,,,,,18,,,,3,92,,,,,,,,,,,1,,,,2021-08-16 18:46:37,1,,,,1,1,,,,,,,,,,,1,,,,2,0.31,,,,0.07,5.6,,,,,,,,,,,0.01,,,,,,,,
,,,,,,2021-08-16,GP008F,G21_GP008F,,,,,,,,7,,,,1,44,,,,,,,,,,,,,,,2021-08-16 20:17:12,1,,,,1,1,,,,,,,,,,,,,,,3,0.17,,,,0.03,6.08,,,,,,,,,,,,,,,,,,,
1,,,,,,2021-08-17,GP001F,G21_GP001F,,Measure Fish,1,,,,,6,,1,,,90,,,,1,4,17,1,34,,,1,,,,2021-08-17 05:53:36,1,,1,,,1,,,,1,1,1,1,1,,,1,,,,1,0.03,,0.05,,,2.94,,,,0.08,0.1,0.16,0.07,1.57,,,0.05,,,,0.01,,,,
,,,,,,2021-08-17,GP003F,G21_GP003F,,,,,,,,6,,,,3,68,,,,,2,12,,1,,,,,,,2021-08-17 07:41:18,1,,,,1,1,,,,,1,1,,1,,,,,,,2,0.03,,,,0.11,3.48,,,,,0.02,0.07,,0.1,,,,,,,,,,,
,,,,,,2021-08-17,GP004F,G21_GP004F,,Measure Fish,,,,,,,,1,,,27,,,,,,,,,,,,,,,2021-08-17 08:46:12,,,1,,,1,,,,,,,,,,,,,,,3,,,0.08,,,3.69,,,,,,,,,,,,,,,,,,,
,,,,,,2021-08-17,GP002F,G21_GP002F,,,,,,,,,,,,,25,,,,,,,2,,,,2,,,,2021-08-17 09:18:12,,,,,,1,,,,,,,1,,,,1,,,,4,,,,,,3.53,,,,,,,0.15,,,,0.02,,,,,,,,
1,,,,,,2021-08-17,GP006F,G21_GP006F,,,1,,,,,2,,1,,1,100,,,,,,,3,6,,,,,,,2021-08-17 10:44:57,1,,1,,1,1,,,,,,,1,1,,,,,,,5,0.03,,0.08,,0.06,5.22,,,,,,,0.32,0.71,,,,,,,0.02,,,,
,,,,,,2021-08-17,GP005F,G21_GP005F,,,,,,,,3,,1,,,88,,,,,,,5,1,,,,,,,2021-08-17 12:04:46,1,,1,,,1,,,,,,,1,1,,,,,,,6,0.01,,0.11,,,4.15,,,,,,,0.42,0.11,,,,,,,,,,,
,,,,,,2021-08-17,GP007F,G21_GP007F,,,,,,,,1,,1,,1,29,,,,,,,,,,,2,,,,2021-08-17 13:40:54,1,,1,,1,1,,,,,,,,,,,1,,,,7,0.01,,0.22,,0.1,2.46,,,,,,,,,,,0.01,,,,,,,,
,,,,,,2021-08-17,GP010F,G21_GP010F,,Measure Fish,,,,,,26,,3,,9,109,,,,1,,,,7,,,5,,,,2021-08-17 14:56:58,1,,1,,1,1,,,,1,,,,1,,,1,,,,8,0.26,,0.5,,0.56,5.54,,,,0.04,,,,1.37,,,0.03,,,,,,,,
,,,,,,2021-08-17,GP012F,G21_GP012F,,,,,,,,6,,,,,99,,,,,,,,,,,,,,,2021-08-17 16:31:03,1,,,,,1,,,,,,,,,,,,,,,9,0.15,,,,,8.05,,,,,,,,,,,,,,,,,,,
,,,,,,2021-08-17,GP013F,G21_GP013F,,Measure Fish,,,,,,,,1,,2,28,,,,,,,,2,,,3,,,,2021-08-17 17:34:53,,,1,,1,1,,,,,,,,1,,,1,,,,10,,,0.07,,0.14,1.99,,,,,,,,0.08,,,0.02,,,,,,,,
,,,,,,2021-08-18,GP015F,G21_GP015F,,,,,,,,1,,1,,,47,,,,,6,,7,,,,,,,,2021-08-18 05:07:16,1,,1,,,1,,,,,1,,1,,,,,,,,1,0.01,,0.06,,,1.39,,,,,0.09,,0.24,,,,,,,,,,,,
,,,,,,2021-08-18,GP017F,G21_GP017F,,Measure Fish,,,,,,5,,1,,1,29,,,,,,,,,,,1,,,,2021-08-18 06:57:02,1,,1,,1,1,,,,,,,,,,,1,,,,2,0.12,,0.15,,0.11,2.5,,,,,,,,,,,0.01,,,,,,,,
,,,,,,2021-08-18,GP021F,G21_GP021F,,,,,,,,32,,88,,1,111,,,,,,,,,,,,,,,2021-08-18 07:47:59,1,,1,,1,1,,,,,,,,,,,,,,,3,0.98,,18.15,,0.96,10.04,,,,,,,,,,,,,,,,,,,
,,,,,,2021-08-18,GP020F,G21_GP020F,,,,,,,,48,,12,,,109,,,,,,,,,,,,,,,2021-08-18 09:11:46,1,,1,,,1,,,,,,,,,,,,,,,4,1.75,,2.32,,,10.7,,,,,,,,,,,,,,,,,,,
,,,,,,2021-08-18,GP014F,G21_GP014F,,Measure Fish,,,,,,15,,3,,1,77,,,,,,,,,,,,,,,2021-08-18 10:06:08,1,,1,,1,1,,,,,,,,,,,,,,,5,0.4,,0.9,,0.08,6.46,,,,,,,,,,,,,,,,,,,
1,,,,,,2021-08-18,GP029F,G21_GP029F,,,1,,,,,3,,4,,,9,,,,3,,,10,,,,4,,,,2021-08-18 11:12:21,1,,1,,,1,,,,1,,,1,,,,1,,,,6,0.01,,0.52,,,0.85,,,,0.08,,,2.44,,,,0.05,,,,0.04,,,,
,,,,,,2021-08-18,GP034F,G21_GP034F,,,,,,,,,,,,,,,,,,,,,,,,,,,,2021-08-18 12:55:42,,,,,,,,,,,,,,,,,,,,,7,,,,,,,,,,,,,,,,,,,,,,,,,
,,,,,,2021-08-18,GP034A1,G21_GP034A1,,,,,,,,,,,,,,,,,,,,,,,,,,,,2021-08-18 13:59:27,,,,,,,,,,,,,,,,,,,,,8,,,,,,,,,,,,,,,,,,,,,,,,,
,,,,,,2021-08-18,GP034A2,G21_GP034A2,,,,,,,,44,,16,,,46,,,,,,,14,,,,2,,,,2021-08-18 14:46:51,1,,1,,,1,,,,,,,1,,,,1,,,,9,0.54,,1.95,,,3.09,,,,,,,0.54,,,,0.01,,,,,,,,
,,,,,,2021-08-18,GP033F,G21_GP033F,,,,,,,,35,,1,,11,10,,,,,17,,15,26,,,,,,,2021-08-18 16:50:30,1,,1,,1,1,,,,,1,,1,1,,,,,,,10,0.23,,0.05,,0.57,0.75,,,,,0.2,,0.67,1.5,,,,,,,,,,,
,,,,,,2021-08-18,GP027F,G21_GP027F,,Measure Fish,,,,,,,,,,,8,,,,,8,,1,,,,,,,,2021-08-18 18:16:20,,,,,,1,,,,,1,,1,,,,,,,,11,,,,,,0.57,,,,,0.09,,0.06,,,,,,,,,,,,
,,,,,,2021-08-18,GP038F,G21_GP038F,,Measure Fish,,,,,,14,,2,,,13,,,,,39,,,,,,,,,,2021-08-18 19:16:05,1,,1,,,1,,,,,1,,,,,,,,,,12,0.18,,0.01,,,0.83,,,,,0.46,,,,,,,,,,,,,,
,,,,,,2021-08-19,GP035F,G21_GP035F,,,,,,,,34,,1,,1,28,,,,1,119,,13,,,,4,,,,2021-08-19 06:00:28,1,,1,,1,1,,,,1,1,,1,,,,1,,,,1,0.12,,0.01,,0.05,1.35,,,,0.06,1.52,,0.49,,,,0.11,,,,,,,,
1,,,,,,2021-08-19,GP054F,G21_GP054F,,Measure Fish,1,,,,,4,,55,,,94,,,,,5,,4,,,19,,,,,2021-08-19 06:54:46,1,,1,,,1,,,,,1,,1,,,1,,,,,2,0.01,,5.48,,,4.56,,,,,0.08,,0.22,,,1.39,,,,,0.09,,,,
9,,,,,,2021-08-19,GP064F,G21_GP064F,,,1,,,,,,,217,,,35,,,,,2,,3,,,7,1,,,,2021-08-19 08:13:09,,,1,,,1,,,,,1,,1,,,1,1,,,,3,,,55.26,,,3.45,,,,,0.33,,2.12,,,0.82,0.04,,,,0.62,,,,
,,,,,,2021-08-19,GP056F,G21_GP056F,,Measure Fish,,,,,,,,,,,,,,,,,,,,,,,,,,2021-08-19 09:21:59,,,,,,,,,,,,,,,,,,,,,4,,,,,,,,,,,,,,,,,,,,,,,,,
12,,,,,,2021-08-19,GP056Fr,G21_GP056FR,,Measure Fish,1,,,,,,,114,,3,56,,,,,,1,,,,10,1,,,,2021-08-19 10:09:38,,,1,,1,1,,,,,,1,,,,1,1,,,,5,,,49.87,,0.44,5.16,,,,,,0.01,,,,1.34,0.02,,,,1.8,,,,
8,,,,,,2021-08-19,GP074F,G21_GP074F,,,1,,,,,,,115,,3,57,,,,,3,1,1,,,11,,,,,2021-08-19 11:38:38,,,1,,1,1,,,,,1,1,1,,,,,,,,6,,,33.75,,0.34,4.68,,,,,0.42,0.03,0.48,,,1.3,,,,,0.51,,,,
1,,,,,,2021-08-19,GP057F,G21_GP057F,,,1,,,,,2,,4,,,9,,,,1,5,,13,1,,,33,,,,2021-08-19 12:29:12,1,,1,,,1,,,,1,1,,1,1,,,1,,,,7,0.01,,0.36,,,0.42,,,,0.08,0.04,,1.48,0.07,,,0.49,,,,0.05,,,,
,,,,,,2021-08-19,GP059F,G21_GP059F,,,,,,,,5,,24,,,20,,,,,,,4,,,,2,,,,2021-08-19 14:57:48,1,,1,,,1,,,,,,,1,,,,1,,,,8,0.02,,2.8,,,1.91,,,,,,,0.92,,,,0.04,,,,,,,,
,,,,,,2021-08-19,GP065F,G21_GP065F,,Measure Fish,,,,,,,,53,,2,303,,,,,,,2,1,,35,,,,,2021-08-19 15:27:04,,,1,,1,1,,,,,,,1,1,,1,,,,,9,,,17.41,,0.24,29.04,,,,,,,1.4,0.25,,5.5,,,,,,,,,
1,,,,,,2021-08-19,GP086F,G21_GP086F,,Measure Fish,1,,,,,,,317,,,108,,,1,,,,2,1,,,,,,,2021-08-19 16:53:56,,,1,,,1,,,1,,,,1,1,,,,,,,10,,,140.3,,,7.41,,,0.67,,,,1.25,0.08,,,,,,,0.73,,,,
,,,,,,2021-08-19,GP073F,G21_GP073F,,Measure Fish,,,,,,,,307,,1,73,,,,,,,3,,,,,,,,2021-08-19 18:12:49,,,1,,1,1,,,,,,,1,,,,,,,,11,,,59.8,,0.29,3.6,,,,,,,0.39,,,,,,,,,,,,
,,,,,,2021-08-19,GP058F,G21_GP058F,,Measure Fish,,,,,,1,,193,,,105,,,,,,1,1,,,,,,,,2021-08-19 19:13:55,1,,1,,,1,,,,,,1,1,,,,,,,,12,0.02,,53.4,,,7.33,,,,,,0.11,0.02,,,,,,,,,,,,
,,,,,,2021-08-20,GP037F,G21_GP037F,,,,,,,,12,,2,,,105,,,,1,,,7,,,,,,,,2021-08-20 06:15:50,1,,1,,,1,,,,1,,,1,,,,,,,,1,0.16,,0.35,,,5.07,,,,0.06,,,0.45,,,,,,,,,,,,
,,,,,,2021-08-20,GP055F,G21_GP055F,,,,,,,,,,,,,,,,,,,,,,,,,,,,2021-08-20 06:56:46,,,,,,,,,,,,,,,,,,,,,2,,,,,,,,,,,,,,,,,,,,,,,,,
1,,,,,,2021-08-20,GP055A1,G21_GP055A1,,,1,,,,,1,,5,,2,95,,,,6,14,2,10,,,,,,,,2021-08-20 07:53:48,1,,1,,1,1,,,,1,1,1,1,,,,,,,,3,0.01,,0.65,,0.34,6.64,,,,0.14,0.08,0.04,0.85,,,,,,,,0.03,,,,
,,,,,,2021-08-20,GP071F,G21_GP071F,,Measure Fish,,,,,,2,,30,,,75,,,,,,,,,,,,,,,2021-08-20 09:20:50,1,,1,,,1,,,,,,,,,,,,,,,4,0.04,,5.43,,,4.59,,,,,,,,,,,,,,,,,,,
,,,,,,2021-08-20,GP075F,G21_GP075F,,,,,,,,,,261,,,80,,,,1,,,,,,,,,,,2021-08-20 11:09:15,,,1,,,1,,,,1,,,,,,,,,,,5,,,53.6,,,6.39,,,,0.04,,,,,,,,,,,,,,,
,,,,,,2021-08-20,GP089F,G21_GP089F,,,,,,,,,,,,,,,,,,,,,,,,,,,,2021-08-20 12:18:40,,,,,,,,,,,,,,,,,,,,,6,,,,,,,,,,,,,,,,,,,,,,,,,
,,,,,,2021-08-20,GP089A1,G21_GP089A1,,,,,,,,1,,134,,,48,,,,,,,,,,,,,,,2021-08-20 13:34:28,1,,1,,,1,,,,,,,,,,,,,,,7,0.01,,32.21,,,4.21,,,,,,,,,,,,,,,,,,,
,,,,,,2021-08-20,GP114F,G21_GP114F,,,,,,,,,,131,,,366,,,,,,,,,,,,,,,2021-08-20 15:17:16,,,1,,,1,,,,,,,,,,,,,,,8,,,27.4,,,19.73,,,,,,,,,,,,,,,,,,,
,,,,,,2021-08-20,GP126F,G21_GP126F,,Measure Fish,,,,,,,,10,,,225,,,,,,,2,,,,,,,,2021-08-20 18:10:45,,,1,,,1,,,,,,,1,,,,,,,,9,,,1.96,,,11.61,,,,,,,0.05,,,,,,,,,,,,
,,,,,,2021-08-20,GP101F,G21_GP101F,,,,,,,,9,,130,,3,197,,,,,,,,,,1,,,,,2021-08-20 18:53:10,1,,1,,1,1,,,,,,,,,,1,,,,,10,0.26,,36.45,,1.15,12.15,,,,,,,,,,0.5,,,,,,,,,
,,,,,,2021-08-21,GP082F,G21_GP082F,,,,,,,,,,115,,4,124,,,,,,,,,,,,,,,2021-08-21 05:14:18,,,1,,1,1,,,,,,,,,,,,,,,1,,,49.37,,1.17,13.17,,,,,,,,,,,,,,,,,,,
,,,,,,2021-08-21,GP060F,G21_GP060F,,,,,,,,1,,13,,1,53,,,,,,,,,,,,,,,2021-08-21 07:05:41,1,,1,,1,1,,,,,,,,,,,,,,,2,0.03,,2.97,,0.22,6.56,,,,,,,,,,,,,,,,,,,
,,,,,,2021-08-21,GP087F,G21_GP087F,,,,,,,,,,78,,,157,,,,,1,,1,,,,1,,,,2021-08-21 08:24:36,,,1,,,1,,,,,1,,1,,,,1,,,,3,,,17.81,,,12.64,,,,,0.01,,0.03,,,,0.05,,,,,,,,
,,,,,,2021-08-21,GP100F,G21_GP100F,,,,,,,,1,,27,,1,148,,,,,8,,2,,,,,,,,2021-08-21 10:14:28,1,,1,,1,1,,,,,1,,1,,,,,,,,4,0.03,,6.16,,0.05,8.5,,,,,0.04,,0.08,,,,,,,,,,,,
,,,,,,2021-08-21,GP092F,G21_GP092F,,,,,,,,2,,18,,,161,,,,,,,7,,,,,,,,2021-08-21 11:23:53,1,,1,,,1,,,,,,,1,,,,,,,,5,0.05,,3.4,,,11.18,,,,,,,0.25,,,,,,,,,,,,
,,,,,,2021-08-21,GP110F,G21_GP110F,,,,,,,,,,498,,,89,,,,,,,2,,,,,,,,2021-08-21 13:17:22,,,1,,,1,,,,,,,1,,,,,,,,6,,,124.68,,,11.1,,,,,,,0.07,,,,,,,,,,,,
,,,,,,2021-08-21,GP136F,G21_GP136F,,,,,,,,,,36,,,181,,,,,3,,1,,,,,,,,2021-08-21 14:54:28,,,1,,,1,,,,,1,,1,,,,,,,,7,,,7.83,,,11.17,,,,,0.03,,0.03,,,,,,,,,,,,
,,,,,,2021-08-21,GP129F,G21_GP129F,,,,,,,,1,,38,,,63,,,,,,,6,,,,,,,,2021-08-21 16:27:25,1,,1,,,1,,,,,,,1,,,,,,,,8,0.03,,8.54,,,3.89,,,,,,,0.18,,,,,,,,,,,,
,,,,,,2021-08-21,GP144F,G21_GP144F,,Measure Fish,,,,,,,,,,,,,,,,,,,,,,,,,,2021-08-21 17:29:18,,,,,,,,,,,,,,,,,,,,,9,,,,,,,,,,,,,,,,,,,,,,,,,
,,,,,,2021-08-21,GP144A1,G21_GP144A1,,Measure Fish,,,,,,,,,,,,,,,,,,,,,,,,,,2021-08-21 18:28:36,,,,,,,,,,,,,,,,,,,,,10,,,,,,,,,,,,,,,,,,,,,,,,,
,,,,,,2021-08-21,GP142A2,G21_GP142A2,,,,,,,,,,,,,,,,,,,,,,,,,,,,2021-08-21 20:17:24,,,,,,,,,,,,,,,,,,,,,11,,,,,,,,,,,,,,,,,,,,,,,,,
,,,,,,2021-08-22,GP093F,G21_GP093F,,,,,,,,2,,1,,2,176,,,,,1,,8,,,,8,,,,2021-08-22 06:01:52,1,,1,,1,1,,,,,1,,1,,,,1,,,,1,0.04,,0.15,,0.17,14.17,,,,,0.2,,0.23,,,,0.19,,,,,,,,
,,,,,,2021-08-22,GP070F,G21_GP070F,,Measure Fish,,,,,,1,,1,,,352,,,,,,,7,,,,,,,,2021-08-22 07:47:34,1,,1,,,1,,,,,,,1,,,,,,,,2,0.02,,0.18,,,23.35,,,,,,,0.42,,,,,,,,,,,,
,,,,,,2021-08-22,GP063F,G21_GP063F,,,,,,,,2,,6,,,265,,,,,,,6,,,,,,,,2021-08-22 08:21:07,1,,1,,,1,,,,,,,1,,,,,,,,3,0.05,,1.89,,,19.3,,,,,,,0.28,,,,,,,,,,,,
,,,,,,2021-08-22,GP095F,G21_GP095F,,Measure Fish,,,,,,,,45,,,284,,,,,,,7,,,,,,,,2021-08-22 09:24:19,,,1,,,1,,,,,,,1,,,,,,,,4,,,10.27,,,14.47,,,,,,,0.69,,,,,,,,,,,,
,,,,,,2021-08-22,GP111F,G21_GP111F,,,,,,,,1,,207,,1,484,,,,,,,2,,,,,,,,2021-08-22 11:16:43,1,,1,,1,1,,,,,,,1,,,,,,,,5,0.03,,53.46,,0.24,23.63,,,,,,,0.04,,,,,,,,,,,,
,,,,,,2021-08-22,GP135F,G21_GP135F,,,,,,,,,,475,,1,397,,,,,,,1,1,,,,,,,2021-08-22 11:51:38,,,1,,1,1,,,,,,,1,1,,,,,,,6,,,103.07,,0.42,16.42,,,,,,,0.12,0.08,,,,,,,,,,,
,,,,,,2021-08-22,GP131F,G21_GP131F,,,,,,,,1,,170,,,235,,,,,,,,,,,,,,,2021-08-22 12:54:14,1,,1,,,1,,,,,,,,,,,,,,,7,0.04,,39.77,,,14.6,,,,,,,,,,,,,,,,,,,
,,,,,,2021-08-22,GP145F,G21_GP145F,,,,,,,,,,153,,,414,,,,,,,,,,,,,,,2021-08-22 13:55:51,,,1,,,1,,,,,,,,,,,,,,,8,,,37.17,,,25.75,,,,,,,,,,,,,,,,,,,
,,,,,,2021-08-22,GP137F,G21_GP137F,,Measure Fish,,,,,,1,,3,,,393,,,,,,,,,,,,,,,2021-08-22 14:55:03,1,,1,,,1,,,,,,,,,,,,,,,9,0.03,,0.6,,,16.98,,,,,,,,,,,,,,,,,,,
1,,,,,,2021-08-22,GP119F,G21_GP119F,,Measure Fish,1,,,,,3,,18,,2,247,,,,,,,,,,,1,,,,2021-08-22 17:34:47,1,,1,,1,1,,,,,,,,,,,1,,,,10,0.08,,4.71,,1.56,17.93,,,,,,,,,,,0.01,,,,0.13,,,,
,,,,,,2021-08-22,GP102F,G21_GP102F,,Measure Fish,,,,,,,,,,,,,,,,,,,,,,,,,,2021-08-22 18:04:22,,,,,,,,,,,,,,,,,,,,,11,,,,,,,,,,,,,,,,,,,,,,,,,
,,,,,,2021-08-22,GP102A1,G21_GP102A1,,Measure Fish,,,,,,3,,58,,,294,,,,,2,,3,,,,,,,,2021-08-22 18:44:54,1,,1,,,1,,,,,1,,1,,,,,,,,12,0.07,,14.95,,,13.57,,,,,0.01,,0.05,,,,,,,,,,,,
,,,,,,2021-08-23,GP090F,G21_GP090F,,,,,,,,,,,,,220,,,,,,,,,,,,,,,2021-08-23 05:38:53,,,,,,1,,,,,,,,,,,,,,,1,,,,,,17.31,,,,,,,,,,,,,,,,,,,
,,,,,,2021-08-23,GP079F,G21_GP079F,,,,,,,,,,,,,,,,,,,,,,,,,,,,2021-08-23 06:45:35,,,,,,,,,,,,,,,,,,,,,2,,,,,,,,,,,,,,,,,,,,,,,,,
,,,,,,2021-08-23,GP079FR,G21_GP079FR,,,,,,,,1,,,,,196,,,,,,,,,,,,,,,2021-08-23 07:46:45,1,,,,,1,,,,,,,,,,,,,,,3,0.03,,,,,16.91,,,,,,,,,,,,,,,,,,,
,,,,,,2021-08-23,GP104F,G21_GP104F,,,,,,,,1,,,,1,325,,,,,,,,2,,,2,,,,2021-08-23 08:32:31,1,,,,1,1,,,,,,,,1,,,1,,,,4,0.03,,,,0.58,28.26,,,,,,,,0.92,,,0.01,,,,,,,,
,,,,,,2021-08-23,GP091F,G21_GP091F,,,,,,,,,,3,,,338,,,,,,,2,,,,,,,,2021-08-23 09:48:48,,,1,,,1,,,,,,,1,,,,,,,,5,,,1.84,,,33.04,,,,,,,0.16,,,,,,,,,,,,
,,,,,,2021-08-23,GP108F,G21_GP108F,,,,,,,,,,,,,,,,,,,,,,,,,,,,2021-08-23 11:01:48,,,,,,,,,,,,,,,,,,,,,6,,,,,,,,,,,,,,,,,,,,,,,,,
,,,,,,2021-08-23,GP108A1,G21_GP108A1,,,,,,,,2,,6,,2,353,,,,,,,1,,,,,,,,2021-08-23 12:16:51,1,,1,,1,1,,,,,,,1,,,,,,,,7,0.06,,1.67,,0.67,23.78,,,,,,,0.03,,,,,,,,,,,,
,,,,,,2021-08-23,GP132F,G21_GP132F,,,,,,,,,,8,,1,311,,,,,,,,,,,,,,,2021-08-23 13:14:39,,,1,,1,1,,,,,,,,,,,,,,,8,,,2.57,,0.9,14.96,,,,,,,,,,,,,,,,,,,
,,,,,,2021-08-23,GP148F,G21_GP148F,,,,,,,,,,,,,,,,,,,,,,,,,,,,2021-08-23 14:19:12,,,,,,,,,,,,,,,,,,,,,9,,,,,,,,,,,,,,,,,,,,,,,,,
,,,,,,2021-08-23,GP148A1,G21_GP148A1,,,,,,,,,,1,,1,187,,,,,,,,,,,,,,,2021-08-23 16:53:33,,,1,,1,1,,,,,,,,,,,,,,,10,,,0.27,,0.51,11.24,,,,,,,,,,,,,,,,,,,
,,,,,,2021-08-23,GP140F,G21_GP140F,,,,,,,,,,,,,462,,,,,,,4,1,,,,,,,2021-08-23 17:22:49,,,,,,1,,,,,,,1,1,,,,,,,11,,,,,,33.8,,,,,,,0.09,0.29,,,,,,,,,,,
1,,,,,,2021-08-23,GP117A1,G21_GP117A1,,,1,,,,,,,2,,2,60,,,,,,,3,1,,,,,,,2021-08-23 18:51:08,,,1,,1,1,,,,,,,1,1,,,,,,,12,,,0.72,,0.66,7.87,,,,,,,0.06,0.09,,,,,,,0.04,,,,
,,,,,,2021-08-23,GP117F,G21_GP117F,,,,,,,,,,,,,,,,,,,,,,,,,,,,2021-08-23 21:14:08,,,,,,,,,,,,,,,,,,,,,11,,,,,,,,,,,,,,,,,,,,,,,,,
,,,,,,2021-08-24,GP097F,G21_GP097F,,,,,,,,,,,,1,232,,,,1,,,5,,,,1,,,,2021-08-24 06:31:51,,,,,1,1,,,,1,,,1,,,,1,,,,1,,,,,0.04,21.07,,,,0.02,,,0.1,,,,0.02,,,,,,,,
,,,,,,2021-08-24,GP116F,G21_GP116F,,,,,,,,1,,1,,,330,,,,1,,,7,,,,,,,,2021-08-24 07:14:09,1,,1,,,1,,,,1,,,1,,,,,,,,2,0.03,,0.34,,,22.87,,,,0.1,,,0.11,,,,,,,,,,,,
,,,,,,2021-08-24,GP146F,G21_GP146F,,,,,,,,,,,,,,,,,,,,,,,,,,,,2021-08-24 08:33:05,,,,,,,,,,,,,,,,,,,,,3,,,,,,,,,,,,,,,,,,,,,,,,,
,,,,,,2021-08-24,GP146A1,G21_GP146A1,,,,,,,,,,,,,,,,,,,,,,,,,,,,2021-08-24 09:26:25,,,,,,,,,,,,,,,,,,,,,4,,,,,,,,,,,,,,,,,,,,,,,,,
,,,,,,2021-08-24,GP146A2,G21_GP146A2,,,,,,,,,,2,,,181,,,,,,,9,2,,,,,,,2021-08-24 10:15:52,,,1,,,1,,,,,,,1,1,,,,,,,5,,,0.5,,,7.3,,,,,,,0.22,0.11,,,,,,,,,,,
,,,,,,2021-08-24,GP160F,G21_GP160F,,Measure Fish,,,,,,,,,,,104,,,,,,,1,1,,,,,,,2021-08-24 11:29:34,,,,,,1,,,,,,,1,1,,,,,,,6,,,,,,5.34,,,,,,,0.03,0.11,,,,,,,,,,,
,,,,,,2021-08-24,GP161F,G21_GP161F,,,,,,,,,,11,,,109,,,,,,,2,,,,,,,,2021-08-24 12:18:57,,,1,,,1,,,,,,,1,,,,,,,,7,,,2.47,,,5.77,,,,,,,0.07,,,,,,,,,,,,
,,,,,,2021-08-24,GP151F,G21_GP151F,,,,,,,,,,,,,,,,,,,,,,,,,,,,2021-08-24 13:30:52,,,,,,,,,,,,,,,,,,,,,8,,,,,,,,,,,,,,,,,,,,,,,,,
,,,,,,2021-08-24,GP151A1,G21_GP151A1,,,,,,,,,,8,,1,141,,,,,,,,,,,2,,,,2021-08-24 16:19:52,,,1,,1,1,,,,,,,,,,,1,,,,9,,,1.47,,0.2,8.84,,,,,,,,,,,0.03,,,,,,,,
,,,,,,2021-08-24,GP164F,G21_GP164F,,Measure Fish,,,,,,,,85,,1,188,,,,,,,1,,,,,,,,2021-08-24 18:06:01,,,1,,1,1,,,,,,,1,,,,,,,,10,,,26.98,,0.44,11.28,,,,,,,0.04,,,,,,,,,,,,
,,,,,,2021-08-24,GP163F,G21_GP163F,,Measure Fish,,,,,,,,7,,1,285,,,,2,,,15,,,,,,,,2021-08-24 19:14:07,,,1,,1,1,,,,1,,,1,,,,,,,,11,,,1.52,,0.13,17.38,,,,0.17,,,1.51,,,,,,,,,,,,
,,,,,,2021-08-25,GP212A1,G21_GP212A1,,,,,,,,,,,,,,,,,,,,,,,,,,,,2021-08-25 06:17:26,,,,,,,,,,,,,,,,,,,,,1,,,,,,,,,,,,,,,,,,,,,,,,,
,,,,,,2021-08-25,GP212A2,G21_GP212A2,,,,,,,,,,,,,,,,,,,,,,,,,,,,2021-08-25 06:34:33,,,,,,,,,,,,,,,,,,,,,2,,,,,,,,,,,,,,,,,,,,,,,,,
,,,,,,2021-08-25,GP232F,G21_GP232F,,,,,,,,,,8,,1,2,,,,,,,1,,,,,,,,2021-08-25 07:24:21,,,1,,1,1,,,,,,,1,,,,,,,,3,,,1.36,,0.19,0.43,,,,,,,2.02,,,,,,,,,,,,
,,,1,,,2021-08-31,GP255F,G21_GP255F,,,,,,1,,,,41,,,18,,,,,,,15,,,,,,,,2021-08-31 07:17:59,,,1,,,1,,,,,,,1,,,,,,,,1,,,10.28,,,1.6,,,,,,,0.87,,,,,,,,,,,0.03,
,,,,,,2021-08-31,GP246F,G21_GP246F,,,,,,,,,,,,,,,,,,,,,,,,,,,,2021-08-31 08:30:54,,,,,,,,,,,,,,,,,,,,,2,,,,,,,,,,,,,,,,,,,,,,,,,
,,,,,,2021-08-31,GP246A1,G21_GP246A1,,,,,,,,,,22,,2,85,,,,,,,20,,,,,,,,2021-08-31 09:53:36,,,1,,1,1,,,,,,,1,,,,,,,,3,,,5.51,,0.72,5.67,,,,,,,1.77,,,,,,,,,,,,
,,,,,,2021-08-31,GP244F,G21_GP244F,,,,,,,,1,,21,,1,61,,,,,,,29,,,,,,,,2021-08-31 10:55:29,1,,1,,1,1,,,,,,,1,,,,,,,,4,0.01,,4.29,,0.39,3.35,,,,,,,1.61,,,,,,,,,,,,
,,,,,,2021-08-31,GP229F,G21_GP229F,,,,,,,,,,,,,,,,,,,,,,,,,,,,2021-08-31 11:51:01,,,,,,,,,,,,,,,,,,,,,5,,,,,,,,,,,,,,,,,,,,,,,,,
,,,,,,2021-08-31,GP229A1,G21_GP229A1,,,,,,,,,,,,,,,,,,,,,,,,,,,,2021-08-31 13:14:07,,,,,,,,,,,,,,,,,,,,,6,,,,,,,,,,,,,,,,,,,,,,,,,
,,,,,,2021-08-31,GP229A2,G21_GP229A2,,,,,,,,,,,,,,,,,,,,,,,,,,,,2021-08-31 13:47:40,,,,,,,,,,,,,,,,,,,,,7,,,,,,,,,,,,,,,,,,,,,,,,,
,,,,,,2021-08-31,GP229A3,G21_GP229A3,,,,,,,,,,,,,,,,,,,,,,,,,,,,2021-08-31 15:43:56,,,,,,,,,,,,,,,,,,,,,8,,,,,,,,,,,,,,,,,,,,,,,,,
,,,,,,2021-08-31,GP215F,G21_GP215F,,Measure Fish,,,,,,,,,,,,,,,,,,,,,,,,,,2021-08-31 16:48:26,,,,,,,,,,,,,,,,,,,,,9,,,,,,,,,,,,,,,,,,,,,,,,,
,,,,,,2021-08-31,GP215A1,G21_GP215A1,,Measure Fish,,,,,,,,13,,5,133,,,,,,,3,,,,4,,,,2021-08-31 18:14:08,,,1,,1,1,,,,,,,1,,,,1,,,,10,,,2.99,,0.55,6.63,,,,,,,0.24,,,,0.09,,,,,,,,
,,,,,,2021-08-31,GP210F,G21_GP210F,,,,,,,,2,,9,,4,137,,,,1,,,5,,,,20,,,,2021-08-31 19:36:50,1,,1,,1,1,,,,1,,,1,,,,1,,,,11,0.01,,2.08,,0.62,9.24,,,,0.05,,,0.58,,,,0.66,,,,,,,,
,,,,,,2021-09-01,GP221F,G21_GP221F,,,,,,,,3,,15,,6,115,,,,,,,14,,,,4,,,,2021-09-01 05:29:10,1,,1,,1,1,,,,,,,1,,,,1,,,,1,0.02,,4.03,,0.66,7.19,,,,,,,1.21,,,,0.1,,,,,,,,
,,,,,,2021-09-01,GP177F,G21_GP177F,,,,,,,,2,,11,,,563,,,,,,,2,,,,,,,,2021-09-01 07:10:18,1,,1,,,1,,,,,,,1,,,,,,,,2,0.08,,3.08,,,31.78,,,,,,,0.22,,,,,,,,,,,,
,,,,,,2021-09-01,GP190F,G21_GP190F,,,,,,,,,,22,,,922,,,,,,,2,,,,,,,,2021-09-01 08:51:06,,,1,,,1,,,,,,,1,,,,,,,,3,,,5.64,,,47.62,,,,,,,0.16,,,,,,,,,,,,
,,,,,,2021-09-01,GP188F,G21_GP188F,,,,,,,,,,35,,1,693,,,,,,,4,,,,,,,,2021-09-01 09:58:22,,,1,,1,1,,,,,,,1,,,,,,,,4,,,8.54,,0.15,37.4,,,,,,,0.24,,,,,,,,,,,,
,,,,,,2021-09-01,GP196F,G21_GP196F,,,,,,,,,,,,,,,,,,,,,,,,,,,,2021-09-01 10:56:32,,,,,,,,,,,,,,,,,,,,,5,,,,,,,,,,,,,,,,,,,,,,,,,
,,,,,,2021-09-01,GP196A1,G21_GP196A1,,,,,,,,1,,4,,2,120,,,,,,,11,,,,5,,,,2021-09-01 11:30:45,1,,1,,1,1,,,,,,,1,,,,1,,,,6,0.01,,0.75,,0.37,6.4,,,,,,,0.82,,,,0.21,,,,,,,,
,,,,,,2021-09-01,GP182F,G21_GP182F,,,,,,,,,,18,,,98,,,,,,,1,,,,,,,,2021-09-01 12:45:24,,,1,,,1,,,,,,,1,,,,,,,,7,,,4.52,,,6.69,,,,,,,0.03,,,,,,,,,,,,
,,,,,,2021-09-01,GP194F,G21_GP194F,,,,,,,,,,373,,,302,,,,,,,5,,,,,,,,2021-09-01 14:51:44,,,1,,,1,,,,,,,1,,,,,,,,8,,,77.62,,,23.01,,,,,,,0.22,,,,,,,,,,,,
,,,,,,2021-09-01,GP186F,G21_GP186F,,Measure Fish,,,,,,,,5,,1,63,,,,,,,,,,,,,,,2021-09-01 15:57:50,,,1,,1,1,,,,,,,,,,,,,,,9,,,0.95,,0.15,5.83,,,,,,,,,,,,,,,,,,,
2,,,,,,2021-09-01,GP167F,G21_GP167F,,,1,,,,,,,7,,2,84,,,,,,,3,,,,2,,,,2021-09-01 17:13:03,,,1,,1,1,,,,,,,1,,,,1,,,,10,,,1.85,,0.81,4.74,,,,,,,0.34,,,,0.02,,,,0.16,,,,
,,,,,,2021-09-01,GP173F,G21_GP173F,,,,,,,,,,39,,,83,,,,,,,6,,,,,,,,2021-09-01 18:26:06,,,1,,,1,,,,,,,1,,,,,,,,11,,,9.13,,,3.77,,,,,,,0.28,,,,,,,,,,,,
,,,,,,2021-09-02,GP225F,G21_GP225F,,Measure Fish,,,,,,1,,6,,1,109,,,,,,,19,,,,3,,,,2021-09-02 06:02:01,1,,1,,1,1,,,,,,,1,,,,1,,,,1,0.02,,1.16,,0.48,8.07,,,,,,,1.21,,,,0.08,,,,,,,,
,,,,,,2021-09-04,GP222F,G21_GP222F,,,,,,,,,,9,,1,125,,,,,,,35,,,,,,,,2021-09-04 14:02:19,,,1,,1,1,,,,,,,1,,,,,,,,1,,,2.17,,0.3,9.23,,,,,,,1.37,,,,,,,,,,,,
,,,,,,2021-09-04,GP205F,G21_GP205F,,,,,,,,,,96,,,376,,,,,,,6,,,,,,,,2021-09-04 14:43:14,,,1,,,1,,,,,,,1,,,,,,,,2,,,21.44,,,24.5,,,,,,,0.19,,,,,,,,,,,,
,,,,,,2021-09-04,GP213F,G21_GP213F,,Measure Fish,,,,,,,,3,,,163,,,,,2,,8,,,,,,,,2021-09-04 15:58:15,,,1,,,1,,,,,1,,1,,,,,,,,3,,,0.63,,,14.49,,,,,0.01,,0.28,,,,,,,,,,,,
,,,,,,2021-09-04,GP224F,G21_GP224F,,Measure Fish,,,,,,,,2,,,154,,,,,,,12,,,,,,,,2021-09-04 16:58:32,,,1,,,1,,,,,,,1,,,,,,,,4,,,0.4,,,7.29,,,,,,,0.41,,,,,,,,,,,,
,,,,,,2021-09-05,GP239F,G21_GP239F,,,,,,,,2,,19,,,74,,,,,1,,2,,,,,,,,2021-09-05 11:04:15,1,,1,,,1,,,,,1,,1,,,,,,,,1,0.02,,6.11,,,6.13,,,,,0.01,,0.23,,,,,,,,,,,,
,,,,,,2021-09-05,GP253F,G21_GP253F,,,,,,,,,,10,,,4,,,,,,,13,,,,,,,,2021-09-05 11:29:14,,,1,,,1,,,,,,,1,,,,,,,,2,,,1.89,,,0.23,,,,,,,3.15,,,,,,,,,,,,
,,,,,,2021-09-05,GP242F,G21_GP242F,,,,,,,,1,,11,,,22,,,,,,,13,,,,,,,,2021-09-05 12:15:36,1,,1,,,1,,,,,,,1,,,,,,,,3,0.01,,1.48,,,1.56,,,,,,,0.98,,,,,,,,,,,,
,,,,,,2021-09-05,GP228F,G21_GP228F,,,,,,,,,,11,,1,43,,,,,,,5,1,,,,,,,2021-09-05 13:03:41,,,1,,1,1,,,,,,,1,1,,,,,,,4,,,2.83,,0.47,1.87,,,,,,,0.2,0.15,,,,,,,,,,,
,,,,,,2021-09-05,GP216F,G21_GP216F,,Measure Fish,,,,,,,,2,,,114,,,,,,,3,,,,,,,,2021-09-05 14:45:20,,,1,,,1,,,,,,,1,,,,,,,,5,,,0.53,,,3.82,,,,,,,0.1,,,,,,,,,,,,
,,,,,,2021-09-05,GP195F,G21_GP195F,,,,,,,,1,,11,,,159,,,,,,,3,,,,,,,,2021-09-05 16:09:25,1,,1,,,1,,,,,,,1,,,,,,,,6,0.04,,2.68,,,12.87,,,,,,,0.2,,,,,,,,,,,,
,,,,,,2021-09-05,GP171F,G21_GP171F,,,,,,,,,,111,,1,47,,,,1,,,12,1,,,,,,,2021-09-05 17:21:19,,,1,,1,1,,,,1,,,1,1,,,,,,,7,,,29.92,,0.16,3.74,,,,0.08,,,1.35,0.47,,,,,,,,,,,
,,,,,,2021-09-05,GP155F,G21_GP155F,,,,,,,,1,,46,,1,34,,,,,2,,17,,,,,,,,2021-09-05 18:48:51,1,,1,,1,1,,,,,1,,1,,,,,,,,8,0.03,,11.64,,0.17,3.1,,,,,0.01,,0.84,,,,,,,,,,,,
,,,1,,,2021-09-06,GP118F,G21_GP118F,,Measure Fish,,,,1,,,,28,,6,126,,,,,,,4,,,,,,,,2021-09-06 06:20:51,,,1,,1,1,,,,,,,1,,,,,,,,1,,,6.6,,0.5,5.73,,,,,,,0.24,,,,,,,,,,,1.72,
,,,,,,2021-09-06,GP143F,G21_GP143F,,Measure Fish,,,,,,,,,,,,,,,,,,,,,,,,,,2021-09-06 07:21:41,,,,,,,,,,,,,,,,,,,,,2,,,,,,,,,,,,,,,,,,,,,,,,,
,,,,,,2021-09-06,GP143A1,G21_GP143A1,,Measure Fish,,,,,,,,82,,,34,,,,,,,4,,,,,,,,2021-09-06 08:09:48,,,1,,,1,,,,,,,1,,,,,,,,3,,,21.43,,,2.24,,,,,,,0.1,,,,,,,,,,,,
,,,,,,2021-09-06,GP157F,G21_GP157F,,Measure Fish,,,,,,,,6,,,59,,,,,,,,,,,,,,,2021-09-06 09:46:24,,,1,,,1,,,,,,,,,,,,,,,4,,,1.44,,,2.96,,,,,,,,,,,,,,,,,,,
,,,,,,2021-09-06,GP172F,G21_GP172F,,,,,,,,1,,11,,,281,,,,,,,1,,,,,,,,2021-09-06 10:49:18,1,,1,,,1,,,,,,,1,,,,,,,,5,0.03,,4.07,,,16.17,,,,,,,0.16,,,,,,,,,,,,
,,,,,,2021-09-06,GP183F,G21_GP183F,,,,,,,,,,10,,,222,,,,,,,2,,,,,,,,2021-09-06 11:53:58,,,1,,,1,,,,,,,1,,,,,,,,6,,,2.27,,,11.4,,,,,,,0.21,,,,,,,,,,,,
,,,,,,2021-09-06,GP200F,G21_GP200F,,,,,,,,,,,,,48,,,,,5,,11,,,,,,,,2021-09-06 13:06:53,,,,,,1,,,,,1,,1,,,,,,,,7,,,,,,2.86,,,,,0.05,,0.23,,,,,,,,,,,,
,,,,,,2021-09-08,GP291F,G21_GP291F,,Measure Fish,,,,,,,,18,,,272,,,2,,,,3,,,,,,,,2021-09-08 06:33:28,,,1,,,1,,,1,,,,1,,,,,,,,1,,,4.93,,,13.02,,,0.54,,,,0.1,,,,,,,,,,,,
,,,,,,2021-09-08,GP275F,G21_GP275F,,,,,,,,2,,62,,1,126,,,,,,,31,,,,1,,,,2021-09-08 07:21:26,1,,1,,1,1,,,,,,,1,,,,1,,,,2,0.01,,15.72,,0.24,9.74,,,,,,,2.87,,,,0.01,,,,,,,,
1,,,,,,2021-09-08,GP252F,G21_GP252F,,,1,,,,,2,,22,,3,202,,,,,,,39,1,,,,,,,2021-09-08 08:50:55,1,,1,,1,1,,,,,,,1,1,,,,,,,3,0.01,,4.56,,1.34,11.46,,,,,,,2.56,0.16,,,,,,,0.13,,,,
,,,,,,2021-09-08,GP279F,G21_GP279F,,,,,,,,,,,,,,,,,,,,,,,,,,,,2021-09-08 10:02:23,,,,,,,,,,,,,,,,,,,,,4,,,,,,,,,,,,,,,,,,,,,,,,,
,,,,,,2021-09-08,GP279A1,G21_GP279A1,,,,,,,,,,1,,2,26,,,,,,,3,,,,,,,,2021-09-08 11:31:16,,,1,,1,1,,,,,,,1,,,,,,,,5,,,0.2,,0.52,1.59,,,,,,,0.2,,,,,,,,,,,,
,,,1,,,2021-09-08,GP285F,G21_GP285F,,Measure Fish,,,,1,,1,,,,,167,,,,,,,1,1,,,,,,,2021-09-08 11:54:13,1,,,,,1,,,,,,,1,1,,,,,,,6,0.01,,,,,24.19,,,,,,,0.28,0.001,,,,,,,,,,0.07,
,,,,,,2021-09-13,GP297F,G21_GP297F,,,,,,,,2,,3,,,81,,,,,,,4,,,1,,,,,2021-09-13 08:50:59,1,,1,,,1,,,,,,,1,,,1,,,,,1,0.01,,0.38,,,9.11,,,,,,,0.17,,,0.4,,,,,,,,,
,,,,,,2021-09-13,GP296F,G21_GP296F,,Measure Fish,,,,,,,,7,,,164,,,,,,,2,,,,,,,,2021-09-13 10:16:37,,,1,,,1,,,,,,,1,,,,,,,,2,,,2.14,,,10.9,,,,,,,0.54,,,,,,,,,,,,
,,,,,,2021-09-13,GP288F,G21_GP288F,,,,,,,,,,16,,,153,,,,,,,6,,,,,,,,2021-09-13 11:22:16,,,1,,,1,,,,,,,1,,,,,,,,3,,,3.16,,,11.23,,,,,,,0.42,,,,,,,,,,,,
,,,,,,2021-09-13,GP283F,G21_GP283F,,Measure Fish,,,,,,,,122,,,236,,,,,36,,,,,,,,,,2021-09-13 13:04:24,,,1,,,1,,,,,1,,,,,,,,,,4,,,29.98,,,20.37,,,,,5.84,,,,,,,,,,,,,,
,,,,,,2021-09-13,GP274F,G21_GP274F,,Measure Fish,,,,,,7,,30,,1,54,,,,,,,12,,,,,,,,2021-09-13 15:45:28,1,,1,,1,1,,,,,,,1,,,,,,,,5,0.03,,7.15,,0.07,2.84,,,,,,,0.7,,,,,,,,,,,,
,,,,,,2021-09-13,GP272F,G21_GP272F,,Measure Fish,,,,,,,,8,,1,573,,,,,,,227,,,,,,,,2021-09-13 16:14:54,,,1,,1,1,,,,,,,1,,,,,,,,6,,,2.01,,0.09,70.43,,,,,,,41.41,,,,,,,,,,,,
,,,7,,,2021-09-13,GP267F,G21_GP267F,,,,,,1,,,,,,,329,,,4,,18,,20,,,,,,,,2021-09-13 17:45:52,,,,,,1,,,1,,1,,1,,,,,,,,7,,,,,,27,,,0.73,,2.26,,2.81,,,,,,,,,,,0.72,
,,,,,,2021-09-13,GP256F,G21_GP256F,,,,,,,,,,,,,161,,,,,3,,2,,,,1,,,,2021-09-13 18:50:01,,,,,,1,,,,,1,,1,,,,1,,,,8,,,,,,24.55,,,,,0.73,,0.29,,,,0.04,,,,,,,,
,,,,,,2021-09-14,GP254F,G21_GP254F,,,,,,,,,,,,,28,,,,,,1,,,,,,,,,2021-09-14 06:36:03,,,,,,1,,,,,,1,,,,,,,,,1,,,,,,2.59,,,,,,0.03,,,,,,,,,,,,,
,,,,,,2021-09-14,GP241F,G21_GP241F,,,,,,,,,,,,1,98,,,,,22,,2,,,,1,,,,2021-09-14 07:54:01,,,,,1,1,,,,,1,,1,,,,1,,,,2,,,,,0.12,6.15,,,,,3.92,,0.28,,,,0.04,,,,,,,,
,,,3,,,2021-09-14,GP231F,G21_GP231F,,,,,,1,,,,6,,,125,,,,,32,,19,,,,,,,,2021-09-14 10:39:28,,,1,,,1,,,,,1,,1,,,,,,,,3,,,0.5,,,9.59,,,,,1.87,,1.82,,,,,,,,,,,1.79,
,,,,,,2021-09-14,GP238F,G21_GP238F,,,,,,,,1,,,,2,24,,,1,,1,,32,,,,1,,,,2021-09-14 12:05:29,1,,,,1,1,,,1,,1,,1,,,,1,,,,4,0.01,,,,0.34,1.53,,,0.23,,0.06,,3.54,,,,0.02,,,,,,,,
,,,,,,2021-09-14,GP262F,G21_GP262F,,,,,,,,,,,,,51,,,,,,,,,,,,,,,2021-09-14 13:14:01,,,,,,1,,,,,,,,,,,,,,,5,,,,,,3.9,,,,,,,,,,,,,,,,,,,
,,,,,,2021-09-14,GP264F,G21_GP264F,,,,,,,,1,,,,,62,,,,,,,,,,,3,,,,2021-09-14 14:44:55,1,,,,,1,,,,,,,,,,,1,,,,6,0.01,,,,,2.68,,,,,,,,,,,0.02,,,,,,,,
,,,,,,2021-09-14,GP271F,G21_GP271F,,,,,,,,,,1,,,74,,,,,,,1,,,,,,,,2021-09-14 15:46:36,,,1,,,1,,,,,,,1,,,,,,,,7,,,0.05,,,3.7,,,,,,,0.09,,,,,,,,,,,,
,,,,,,2021-09-14,GP270F,G21_GP270F,,Measure Fish,,,,,,,,,,,46,,,,,1,,,,,,3,,,,2021-09-14 17:39:32,,,,,,1,,,,,1,,,,,,1,,,,8,,,,,,4.38,,,,,0.01,,,,,,0.01,,,,,,,,
,,,,,,2021-09-14,GP266F,G21_GP266F,,Measure Fish,,,,,,,,,,,40,,,,1,,,,,,,,,,,2021-09-14 18:52:31,,,,,,1,,,,1,,,,,,,,,,,9,,,,,,4.96,,,,0.06,,,,,,,,,,,,,,,
,,,9,,,2021-09-15,GP294F,G21_GP294F,,,,,,1,,,,21,,6,102,,,2,,16,,8,,,,,,,,2021-09-15 06:38:37,,,1,,1,1,,,1,,1,,1,,,,,,,,1,,,3.21,,1.1,11.63,,,0.25,,1.17,,2.81,,,,,,,,,,,1.79,
,,,,,,2021-09-15,GP277F,G21_GP277F,,,,,,,,,,,,,33,,,,,1,,2,,,,6,,,,2021-09-15 07:18:38,,,,,,1,,,,,1,,1,,,,1,,,,2,,,,,,1.97,,,,,0.04,,0.88,,,,0.14,,,,,,,,
,,,,,,2021-09-15,GP284F,G21_GP284F,,,,,,,,,,,,,39,,,,,,,1,,,,1,,,,2021-09-15 08:40:05,,,,,,1,,,,,,,1,,,,1,,,,3,,,,,,6.77,,,,,,,0.03,,,,0.02,,,,,,,,
,,,,,,2021-09-15,GP276F,G21_GP276F,,,,,,,,,,,,,48,,,,,,,,,,,,,,,2021-09-15 09:28:28,,,,,,1,,,,,,,,,,,,,,,4,,,,,,4.22,,,,,,,,,,,,,,,,,,,
,,,,,,2021-09-15,GP280F,G21_GP280F,,Measure Fish,,,,,,,,1,,,28,,,,,,,,,,,,,,,2021-09-15 10:44:19,,,1,,,1,,,,,,,,,,,,,,,5,,,0.68,,,2.35,,,,,,,,,,,,,,,,,,,
,,,,,,2021-09-16,GP175F,G21_GP175F,,,,,,,,,,,,,,,,,,,,,,,,,,,,2021-09-16 08:17:09,,,,,,,,,,,,,,,,,,,,,1,,,,,,,,,,,,,,,,,,,,,,,,,
,,,,,,2021-09-16,GP175A1,G21_GP175A1,,,,,,,,,,2,,,259,,,,,,,1,,,,,,,,2021-09-16 12:14:56,,,1,,,1,,,,,,,1,,,,,,,,2,,,0.3,,,9.21,,,,,,,0.02,,,,,,,,,,,,
,,,,,,2021-09-16,GP168F,G21_GP168F,,,,,,,,,,6,,,191,,,,,28,,,,,,,,,,2021-09-16 13:28:05,,,1,,,1,,,,,1,,,,,,,,,,3,,,1.17,,,9.48,,,,,0.13,,,,,,,,,,,,,,
,,,,,,2021-09-16,GP178F,G21_GP178F,,Measure Fish,,,,,,2,,12,,,218,,,,,2,,2,,,,,,,,2021-09-16 15:00:52,1,,1,,,1,,,,,1,,1,,,,,,,,4,0.07,,2.6,,,10.02,,,,,0.01,,0.08,,,,,,,,,,,,
,,,,,,2021-09-16,GP193F,G21_GP193F,,Measure Fish,,,,,,,,8,,,70,,,,,4,,1,,,,,,,,2021-09-16 16:08:13,,,1,,,1,,,,,1,,1,,,,,,,,5,,,1.25,,,2.92,,,,,0.01,,0.01,,,,,,,,,,,,
,,,,,,2021-09-16,GP209F,G21_GP209F,,,,,,,,,,12,,,78,,,,,,,2,,,,,,,,2021-09-16 17:05:42,,,1,,,1,,,,,,,1,,,,,,,,6,,,2.42,,,4.68,,,,,,,0.14,,,,,,,,,,,,
,,,,,,2021-09-16,GP204F,G21_GP204F,,,,,,,,,,,,,,,,,,,,,,,,,,,,2021-09-16 17:58:17,,,,,,,,,,,,,,,,,,,,,7,,,,,,,,,,,,,,,,,,,,,,,,,
,,,,,,2021-09-16,GP204A1,G21_GP204A1,,,,,,,,,,11,,,41,,,,1,,,11,,,,,,,,2021-09-16 19:27:49,,,1,,,1,,,,1,,,1,,,,,,,,8,,,2.94,,,2.88,,,,0.02,,,0.93,,,,,,,,,,,,
,,,,,,2021-09-17,GP217F,G21_GP217F,,,,,,,,4,,2,,,181,,,,,,,6,,,,,,,,2021-09-17 06:02:11,1,,1,,,1,,,,,,,1,,,,,,,,1,0.02,,0.39,,,7.23,,,,,,,0.37,,,,,,,,,,,,
,,,,,,2021-09-17,GP218F,G21_GP218F,,,,,,,,4,,5,,,166,,,,,,,2,,,,,,,,2021-09-17 07:14:18,1,,1,,,1,,,,,,,1,,,,,,,,2,0.06,,1.29,,,7.07,,,,,,,0.1,,,,,,,,,,,,
,,,,,,2021-09-17,GP236F,G21_GP236F,,Measure Fish,,,,,,,,,,,,,,,,,,,,,,,,,,2021-09-17 08:04:30,,,,,,,,,,,,,,,,,,,,,3,,,,,,,,,,,,,,,,,,,,,,,,,
,,,,,,2021-09-17,GP236A1,G21_GP236A1,,Measure Fish,,,,,,1,,4,,,8,,,,,,,8,,,,,,,,2021-09-17 09:07:19,1,,1,,,1,,,,,,,1,,,,,,,,4,0.01,,0.46,,,0.79,,,,,,,1.46,,,,,,,,,,,,
,,,,,,2021-09-17,GP223F,G21_GP223F,,,,,,,,1,,1,,,250,,,,,9,,7,,,,,,,,2021-09-17 10:18:36,1,,1,,,1,,,,,1,,1,,,,,,,,5,0.01,,0.08,,,4.64,,,,,0.07,,0.22,,,,,,,,,,,,
,,,,,,2021-09-17,GP247F,G21_GP247F,,,,,,,,,,,,,111,,,,,2,,16,,,,,,,,2021-09-17 11:49:44,,,,,,1,,,,,1,,1,,,,,,,,6,,,,,,7.66,,,,,0.02,,0.5,,,,,,,,,,,,
,,,,,,2021-09-17,GP258F,G21_GP258F,,Measure Fish,,,,,,1,,,,,80,,,,,,,8,,,,,,,,2021-09-17 12:57:10,1,,,,,1,,,,,,,1,,,,,,,,7,0.01,,,,,5.06,,,,,,,0.31,,,,,,,,,,,,
,,,,,,2021-09-17,GP281F,G21_GP281F,,,,,,,,,,,,,86,,,,,,,37,1,,,,,,,2021-09-17 13:52:03,,,,,,1,,,,,,,1,1,,,,,,,8,,,,,,2.93,,,,,,,2.01,0.04,,,,,,,,,,,
,,,,,,2021-09-17,GP278F,G21_GP278F,,Measure Fish,,,,,,,,1,,,6,,,,,,,16,,,,,,,,2021-09-17 14:48:35,,,1,,,1,,,,,,,1,,,,,,,,9,,,0.04,,,0.2,,,,,,,1.32,,,,,,,,,,,,
,,,,,,2021-09-18,GP301F,G21_GP301F,,,,,,,,3,,7,,,18,,,,,,,7,1,,,,,,,2021-09-18 06:18:54,1,,1,,,1,,,,,,,1,1,,,,,,,1,0.01,,0.73,,,0.74,,,,,,,0.61,0.15,,,,,,,,,,,
,,,,,,2021-09-18,GP289F,G21_GP289F,,,,,,,,,,1,,,41,,,,,1,,1,,,,2,,,,2021-09-18 07:16:33,,,1,,,1,,,,,1,,1,,,,1,,,,2,,,0.2,,,2.23,,,,,0.02,,0.03,,,,0.01,,,,,,,,
,,,,,,2021-09-18,GP298F,G21_GP298F,,,,,,,,2,,177,,,75,,,,,3,,3,,,,1,,,,2021-09-18 08:27:00,1,,1,,,1,,,,,1,,1,,,,1,,,,3,0.01,,44.14,,,4.04,,,,,0.47,,0.27,,,,0.01,,,,,,,,
,,,,,,2021-09-18,GP292F,G21_GP292F,,,,,,,,2,,65,,,138,,,1,,,,2,,,,1,,,,2021-09-18 09:46:11,1,,1,,,1,,,1,,,,1,,,,1,,,,4,0.04,,17.68,,,9.15,,,0.14,,,,0.08,,,,0.02,,,,,,,,
,,,,,,2021-09-18,GP286F,G21_GP286F,,,,,,,,2,,12,,2,141,,,,,,,3,1,,,,,,,2021-09-18 10:36:58,1,,1,,1,1,,,,,,,1,1,,,,,,,5,0.01,,3.33,,0.74,9.68,,,,,,,0.2,0.17,,,,,,,,,,,
,,,,,,2021-09-18,GP299F,G21_GP299F,,,,,,,,1,,37,,,184,,,,,,,,,,,,,,,2021-09-18 11:49:47,1,,1,,,1,,,,,,,,,,,,,,,6,0.01,,10.4,,,12.02,,,,,,,,,,,,,,,,,,,
1,,,,,,2021-09-18,GP302F,G21_GP302F,,,1,,,,,,,43,,1,136,,,,,14,,1,,,,,,,,2021-09-18 13:18:29,,,1,,1,1,,,,,1,,1,,,,,,,,7,,,6.64,,0.26,9.12,,,,,0.15,,0.1,,,,,,,,0.05,,,,
,,,,,,2021-09-18,GP304F,G21_GP304F,,,,,,,,,,19,,,183,,,,,1,,3,,,,,,,,2021-09-18 14:20:57,,,1,,,1,,,,,1,,1,,,,,,,,8,,,3.42,,,13.9,,,,,0.01,,0.1,,,,,,,,,,,,
,,,,,,2021-09-18,GP305F,G21_GP305F,,Measure Fish,,,,,,,,35,,,167,,,1,,23,,,,,,,,,,2021-09-18 15:10:46,,,1,,,1,,,1,,1,,,,,,,,,,9,,,13.38,,,11.44,,,0.13,,4.31,,,,,,,,,,,,,,
6,,,,,,2021-09-18,GP306F,G21_GP306F,,,1,,,,,5,,24,,2,112,,,1,,,,3,1,,,3,,,,2021-09-18 17:19:28,1,,1,,1,1,,,1,,,,1,1,,,1,,,,10,0.06,,7.62,,0.26,5.86,,,0.13,,,,0.51,0.14,,,0.19,,,,0.41,,,,
4,,,,,,2021-09-18,GP319F,G21_GP319F,,,1,,,,,38,,19,,,17,,,,,,,27,,,,,,,,2021-09-18 18:22:59,1,,1,,,1,,,,,,,1,,,,,,,,11,0.16,,4.88,,,0.86,,,,,,,4.62,,,,,,,,0.32,,,,
,,,,,,2021-09-20,GP330F,G21_GP330F,,,,,,,,10,,15,,,48,,,,,,,2,,,1,,,,,2021-09-20 12:04:46,1,,1,,,1,,,,,,,1,,,1,,,,,1,0.07,,7.47,,,2.84,,,,,,,0.08,,,0.68,,,,,,,,,
2,,,,,,2021-09-20,GP336F,G21_GP336F,,Measure Fish,1,,,,,,,12,,,88,,,90,,,,,,,18,,,,,2021-09-20 13:52:49,,,1,,,1,,,1,,,,,,,1,,,,,2,,,7.37,,,9.63,,,21.25,,,,,,,6.52,,,,,0.42,,,,
13,,,,,,2021-09-20,GP340F,G21_GP340F,,Measure Fish,1,,,,,,,4,,,103,,,67,,,2,,,,11,,,,,2021-09-20 16:12:33,,,1,,,1,,,1,,,1,,,,1,,,,,3,,,2.09,,,11.27,,,18.98,,,0.22,,,,3.68,,,,,2.02,,,,
,,,,,,2021-09-20,GP339F,G21_GP339F,,,,,,,,,,9,,,68,,,,,,,,,,9,,,,,2021-09-20 17:32:27,,,1,,,1,,,,,,,,,,1,,,,,4,,,2.67,,,6.06,,,,,,,,,,1.48,,,,,,,,,
,,,,,,2021-09-20,GP343F,G21_GP343F,,,,,,,,,,2,,,41,,,,,,,,,,9,,,,,2021-09-20 18:31:23,,,1,,,1,,,,,,,,,,1,,,,,5,,,0.55,,,4.8,,,,,,,,,,2.4,,,,,,,,,
2,,,,,,2021-09-21,GP349F,G21_GP349F,,Measure Fish,1,,,,,,,22,,3,201,,,6,,,,,1,,52,,,,,2021-09-21 05:36:49,,,1,,1,1,,,1,,,,,1,,1,,,,,1,,,10.66,,0.64,18.5,,,0.9,,,,,0.06,,9.26,,,,,0.14,,,,
15,,,,,,2021-09-21,GP355F,G21_GP355F,,Measure Fish,1,,,,,,,1,,,38,,21,5,,,,,,,5,,,,,2021-09-21 07:43:01,,,1,,,1,,1,1,,,,,,,1,,,,,2,,,0.98,,,4.95,,0.38,1.92,,,,,,,1.49,,,,,2.59,,,,
45,,,,,,2021-09-21,GP348F,G21_GP348F,,Measure Fish,1,,,,,,,3,,,10,3,,,,,,,,,,,,,3,2021-09-21 08:59:59,,,1,,,1,1,,,,,,,,,,,,,1,3,,,1.71,,,1.47,1.9,,,,,,,,,,,,,0.85,6.32,,,,
1,,,,,,2021-09-21,GP347F,G21_GP347F,,Measure Fish,1,,,,,,,2,,,38,,,,,,,,,,,,,,,2021-09-21 11:11:09,,,1,,,1,,,,,,,,,,,,,,,4,,,0.58,,,4.97,,,,,,,,,,,,,,,0.11,,,,
,,,,,,2021-09-21,GP345F,G21_GP345F,,,,,,,,,,3,,,34,,,,,,,,,,3,,,,,2021-09-21 12:34:10,,,1,,,1,,,,,,,,,,1,,,,,5,,,0.26,,,3.21,,,,,,,,,,0.76,,,,,,,,,
,,,,,,2021-09-21,GP337F,G21_GP337F,,Measure Fish,,,,,,,,9,,,93,,,,,,,,,,7,,,,,2021-09-21 13:45:41,,,1,,,1,,,,,,,,,,1,,,,,6,,,1.3,,,5.59,,,,,,,,,,1.33,,,,,,,,,
,,,1,,,2021-09-21,GP338F,G21_GP338F,,Measure Fish,,,,1,,,,9,,,66,,,,1,,,,,,,,,,,2021-09-21 15:08:53,,,1,,,1,,,,1,,,,,,,,,,,7,,,1.16,,,3.71,,,,0.08,,,,,,,,,,,,,,0.12,
,,,1,,,2021-09-21,GP328F,G21_GP328F,,,,,,1,,1,,12,,,102,,,,,,,2,,,,,,,,2021-09-21 16:45:39,1,,1,,,1,,,,,,,1,,,,,,,,8,0.01,,1.29,,,4.02,,,,,,,0.11,,,,,,,,,,,0.12,
,,,,,,2021-09-21,GP321F,G21_GP321F,,Measure Fish,,,,,,,,18,,,179,,,,,,,4,,,1,,,,,2021-09-21 17:33:01,,,1,,,1,,,,,,,1,,,1,,,,,9,,,2.42,,,7.72,,,,,,,0.31,,,0.66,,,,,,,,,
,,,,,,2021-09-21,GP314F,G21_GP314F,,,,,,,,,,62,,,217,,,,,,,2,,,4,,,,,2021-09-21 18:55:02,,,1,,,1,,,,,,,1,,,1,,,,,10,,,15.84,,,14.02,,,,,,,0.08,,,0.94,,,,,,,,,
,,,,,,2021-09-22,GP318F,G21_GP318F,,,,,,,,,,223,,6,205,,,9,,,,1,,,15,,,,,2021-09-22 06:44:17,,,1,,1,1,,,1,,,,1,,,1,,,,,1,,,87.42,,0.81,18.08,,,1.85,,,,0.02,,,9.92,,,,,,,,,
,,,,,,2021-09-22,GP309F,G21_GP309F,,,,,,,,,,23,,1,117,,,,,,,,,,1,,,,,2021-09-22 07:30:24,,,1,,1,1,,,,,,,,,,1,,,,,2,,,5.37,,0.16,9.61,,,,,,,,,,0.94,,,,,,,,,
1,,,,,,2021-09-22,GP322F,G21_GP322F,,Measure Fish,1,,,,,,,221,,,301,,,2,,22,,,,,7,,,,,2021-09-22 08:26:53,,,1,,,1,,,1,,1,,,,,1,,,,,3,,,67.42,,,35.93,,,0.54,,0.1,,,,,3.44,,,,,0.12,,,,
,,,,,,2021-09-22,GP327F,G21_GP327F,,,,,,,,,,88,,,229,,,4,,,,,,,2,,,,,2021-09-22 10:03:06,,,1,,,1,,,1,,,,,,,1,,,,,4,,,25.7,,,22.91,,,1.67,,,,,,,0.68,,,,,,,,,
,,,,,,2021-09-22,GP332F,G21_GP332F,,,,,,,,,,1,,,201,,,,,,1,,,,6,,,,,2021-09-22 10:58:12,,,1,,,1,,,,,,1,,,,1,,,,,5,,,0.33,,,19.62,,,,,,0.04,,,,2.11,,,,,,,,,
,,,,,,2021-09-22,GP317F,G21_GP317F,,,,,,,,,,9,,1,224,,,,,,,,,,,,,,,2021-09-22 11:52:39,,,1,,1,1,,,,,,,,,,,,,,,6,,,2.24,,0.16,17.03,,,,,,,,,,,,,,,,,,,
,,,,,,2021-09-22,GP307F,G21_GP307F,,,,,,,,,,13,,,235,,,,,,,1,,,,,,,,2021-09-22 13:01:38,,,1,,,1,,,,,,,1,,,,,,,,7,,,2.2,,,14.71,,,,,,,0.12,,,,,,,,,,,,
,,,,,,2021-09-22,GP311F,G21_GP311F,,,,,,,,,,14,,,317,,,,,,,1,1,,,,,,,2021-09-22 14:24:46,,,1,,,1,,,,,,,1,1,,,,,,,8,,,2.66,,,19.43,,,,,,,0.04,0.33,,,,,,,,,,,
,,,,,,2021-09-22,GP329F,G21_GP329F,,,,,,,,,,25,,,175,,,,,,,,,,1,,,,,2021-09-22 15:18:12,,,1,,,1,,,,,,,,,,1,,,,,9,,,4.82,,,11.79,,,,,,,,,,0.29,,,,,,,,,
,,,,,,2021-09-22,GP333F,G21_GP333F,,Measure Fish,,,,,,,,37,,2,289,,,,,,,9,,,,,,,,2021-09-22 16:54:18,,,1,,1,1,,,,,,,1,,,,,,,,10,,,8.24,,0.55,18.81,,,,,,,0.89,,,,,,,,,,,,
,,,1,,,2021-09-22,GP308F,G21_GP308F,,,,,,1,,,,11,,,316,,,,,,,3,,,1,,,,,2021-09-22 18:11:04,,,1,,,1,,,,,,,1,,,1,,,,,11,,,1.36,,,14.92,,,,,,,0.13,,,1.27,,,,,,,,0.08,
,,,,,,2021-09-22,GP310F,G21_GP310F,,,,,,,,,,8,,,180,,,,,,,1,,,3,,,,,2021-09-22 20:06:15,,,1,,,1,,,,,,,1,,,1,,,,,12,,,0.88,,,9.86,,,,,,,0.02,,,1.26,,,,,,,,,